Y;M;Vanguard500;US_Stocks;US_Mid_Cap;US_M_VALUE;US_M_GROWTH;US_Small_Cap;US_Small_V;US_Small_G;US_Large_Cap;US_Large_V;US_Large_G;US_Micro_Cap;Global_exUS_Stocks;Global_Bonds;LT_Treasury;IMT_Treasury;ST_Treasury;ST_Treasury_Old;ST_Treasury_3to6M;ST_Treasury_6to9M;LT_Corp_Bonds;TOT_US_Bonds;HY_Corp_Bonds;REIT;REIT2;MSCI_EUR;MSCI_WORLD;SP_EUROPE_REIT;SP_MSCI_Comm_TR
1994;1;0,0338;0,0308;0,0299;0,0304;0,0295;0,0364;0,035;0,0184;0,0338;0,0469;0,0206;0,0618;0,0992;0,0026;0,0223;0,013772623;0,002854;0,0067;0,00328307;0,003572011;0,0207;0,0139;0,022;0,0221;0,0299;0,049286519;0,064347966;0,079674674;0,081403107
1994;2;-0,0271;-0,0224;-0,0146;-0,0255;-0,0046;-0,0037;-0,006;-0,0012;-0,0271;-0,0358;-0,0173;-0,0023;0,0042;-0,0236;-0,0399;-0,021784708;0,001825147;-0,009;0,001292801;0,000260978;-0,0288;-0,0178;-0,0092;-0,0052;0,0344;-0,03700313;-0,014470776;-0,030201576;-0,021727633
1994;3;-0,0439;-0,0444;-0,0428;-0,0324;-0,0522;-0,0507;-0,0457;-0,0592;-0,0439;-0,0413;-0,0471;-0,0446;-0,0302;-0,0137;-0,0382;-0,022644917;0,003053721;-0,0086;0,00288451;0,002023837;-0,0317;-0,023;-0,0443;-0,0548;-0,0403;-0,03000546;-0,044685325;-0,048403337;-0,01193855
1994;4;0,0129;0,0089;0,0103;0,0206;0,0008;0,0072;0,0094;-0,0057;0,0129;0,0206;0,0052;0,006;0,0328;0,0003;-0,0129;-0,008883267;0,002800332;-0,0048;0,002131913;0,001149959;-0,0116;-0,0083;-0,0162;-0,0028;0,0162;0,039631809;0,029282836;-0,091376313;0,026217399
1994;5;0,0163;0,0097;-0,0046;-0,0069;-0,0025;-0,0084;-0,0039;-0,0239;0,016;0,0158;0,0154;-0,0012;-0,0009;-0,0053;-0,0047;0,001074181;0,003279333;0,0013;0,003292238;0,002881478;-0,0059;0;0,001;-0,0055;0,0203;-0,044227946;0,000983316;-0,017384795;0,014884258
1994;6;-0,0247;-0,0273;-0,0322;-0,0207;-0,0427;-0,0326;-0,0157;-0,0465;-0,0245;-0,026;-0,0213;-0,0262;0,0197;0,0073;-0,0081;-0,0024578;0,004030845;0,0022;0,004113459;0,004142293;-0,0058;-0,0018;0,0077;-0,025;-0,0217;-0,012357547;-0,004389017;-0,035215441;0,0246038
1994;7;0,0328;0,0308;0,0353;0,0456;0,0259;0,0175;0,0206;0,02;0,0328;0,0339;0,0322;0,0184;0,0048;0,0096;0,0294;0,016483832;0,004023224;0,0095;0,004363624;0,004868606;0,0256;0,0184;0,009;0,0029;-0,0025;0,050531139;0,017392887;-0,039396332;0,017219279
1994;8;0,0408;0,0439;0,0512;0,0322;0,0686;0,055;0,0406;0,0773;0,0408;0,0276;0,0533;0,0337;0,0174;-0,0035;-0,0067;0,00319083;0,003852655;0,0025;0,004157233;0,004249741;-0,0034;0,0014;0,009;0,0171;0,0055;0,029908292;0,02850962;-0,0165327;-0,067417146
1994;9;-0,0245;-0,0185;-0,0197;-0,0272;-0,013;-0,0031;-0,0072;0,0035;-0,0245;-0,0352;-0,0143;0,0105;-0,0285;0,0045;-0,03;-0,014274506;0,004009658;-0,0036;0,003492582;0,002524274;-0,0238;-0,0144;-0,0005;-0,0326;-0,0203;-0,041461764;-0,027856053;-0,048295718;-0,009413566
1994;10;0,0225;0,0155;0,0039;-0,0067;0,0136;-0,0038;-0,0087;0,0107;0,0225;0,021;0,0233;0,0115;0,0277;0,0142;-0,0036;-0,001800118;0,004049112;0,0027;0,004305393;0,004090744;-0,0047;-0,0007;0,001;-0,0415;-0,0371;0,041615564;0,026787854;-0,018249244;0,004501432
1994;11;-0,0365;-0,0365;-0,0419;-0,0452;-0,0389;-0,0392;-0,0379;-0,0401;-0,0365;-0,0403;-0,0333;-0,0326;-0,054;-0,0092;0,0062;-0,004816467;0,003595516;-0,0055;0,003254724;0,002425746;0,0028;-0,0018;-0,0102;-0,0339;-0,0325;-0,040107503;-0,044966307;-0,021769384;-0,032717726
1994;12;0,0146;0,0123;0,013;0,0098;0,016;0,0257;0,0228;0,0173;0,0146;0,0125;0,0167;0,0002;0,0093;0,0003;0,0162;0,005443808;0,005788194;0,002;0,004894055;0,003846824;0,0141;0,008;0,0151;0,0788;0,0617;0,003792273;0,008007483;-0,013108424;0,03385714
1995;1;0,0258;0,022;0,0173;0,0257;0,0084;-0,01;0,0009;-0,0125;0,0258;0,027;0,0253;0,0283;-0,0394;0,0172;0,0262;0,018306156;0,00536065;0,0156;0,006156954;0,007709474;0,0226;0,019;0,0136;-0,0282;-0,0148;-0,009739028;-0,016694418;0,011738056;-0,024849837
1995;2;0,0388;0,0404;0,0449;0,0451;0,0447;0,0364;0,0441;0,0424;0,0388;0,0385;0,038;0,0252;-0,0516;0,0286;0,0273;0,024840537;0,004843055;0,016;0,005515754;0,006698659;0,0271;0,0217;0,0292;0,0166;0,0325;0,020666358;0,012841485;-0,045796865;0,008076607
1995;3;0,0295;0,0265;0,0256;0,0208;0,0306;0,0215;0,0171;0,0269;0,0295;0,028;0,0311;0,0145;0,0646;0,036;0,0072;0,005768353;0,005487256;0,0054;0,005547798;0,005463314;0,0123;0,0067;0,0091;-0,002;-0,006;0,044304224;0,046422995;-0,031356655;0,013620227
1995;4;0,0294;0,0251;0,0191;0,0265;0,0113;0,0223;0,0281;0,0076;0,0294;0,033;0,0267;0,0352;0,0351;0,0161;0,0165;0,014549728;0,004745924;0,0102;0,004952021;0,005757373;0,0156;0,0131;0,0237;-0,0045;0,0023;0,029973175;0,033146986;0,016406078;0,030622118
1995;5;0,0395;0,0348;0,0258;0,0322;0,0189;0,0187;0,0221;0,0136;0,0395;0,0439;0,0356;0,0298;-0,0188;0,0336;0,0752;0,041498338;0,005242483;0,0202;0,005943368;0,007389264;0,0605;0,0395;0,025;0,0401;0,045;0,018533951;0,00689445;0,069981584;-0,008445142
1995;6;0,0231;0,0298;0,0424;0,0257;0,0602;0,0495;0,0366;0,0618;0,0231;0,0077;0,0377;0,0568;-0,018;0,003;0,0113;0,008551911;0,005505375;0,006;0,005294632;0,0053733;0,0079;0,0066;0,0048;0,0208;0,0177;0,007480961;-0,001965302;-0,034929635;-0,017843172
1995;7;0,033;0,0402;0,0555;0,0383;0,0737;0,0582;0,0481;0,0739;0,033;0,0351;0,0324;0,0645;0,0572;0,0069;-0,014;-0,003942843;0,004831404;0,0023;0,005095748;0,004781372;-0,0098;-0,0025;0,0154;0,0116;0,0156;0,050161845;0,048362734;-0,016995384;0,026114978
1995;8;0,0025;0,0107;0,0149;0,0214;0,008;0,0215;0,0285;0,0126;0,0027;0,0081;-0,0031;0,0358;-0,0335;-0,0144;0,0205;0,010865412;0,005114222;0,0062;0,005059557;0,004918245;0,0207;0,0118;0,0049;0,0067;0,0149;-0,040457142;-0,023842539;-0,032657417;0,021198327
1995;9;0,0423;0,0361;0,0254;0,0211;0,0301;0,0172;0,0158;0,0217;0,0421;0,0352;0,0488;0,0195;0,0158;0,0147;0,0181;0,008075529;0,004598522;0,006;0,004365819;0,004299056;0,0158;0,0095;0,0124;0,0171;0,0183;0,028283076;0,027505376;-0,014011474;0,004224221
1995;10;-0,0036;-0,0117;-0,0225;-0,017;-0,0283;-0,0434;-0,04;-0,0473;-0,0036;-0,0156;0,0083;-0,0487;-0,0259;0,0227;0,0297;0,01447986;0,004588107;0,0091;0,005087681;0,00531419;0,0203;0,0147;0,014;-0,0318;-0,0184;-0,006602525;-0,017324598;-0,001007049;0,010064516
1995;11;0,0438;0,0417;0,045;0,0446;0,0454;0,0393;0,0438;0,0474;0,0438;0,0519;0,0359;0,0192;0,0255;0,0261;0,0231;0,017481932;0,00434572;0,0099;0,004639067;0,004922865;0,022;0,0144;0,0085;0,0119;0,01;0,005246273;0,033118663;-0,00672043;0,026997104
1995;12;0,0193;0,0154;-0,0006;0,0087;-0,0104;0,0281;0,0258;0,0237;0,0193;0,0283;0,0116;0,0239;0,0368;0,0186;0,027;0,012122762;0,005523275;0,008;0,005331011;0,00546005;0,0229;0,0144;0,0164;0,0604;0,0549;0,029805397;0,02767075;0,005976545;0,102272162
1996;1;0,0339;0,0266;0,0197;0,0188;0,0208;0,0016;0,0026;-0,0102;0,0339;0,0291;0,0379;0,0028;0,0049;0,0023;-0,0005;0,00912989;0,004732066;0,0088;0,005038543;0,005956362;0,0003;0,0063;0,0124;0,0096;0,0192;0,004761074;0,016575421;0,061876471;-0,001617478
1996;2;0,0092;0,0162;0,0237;0,0083;0,0398;0,0343;0,0241;0,0481;0,0092;0,0092;0,009;0,0369;0,0034;-0,0157;-0,0493;-0,017837937;0,004009007;-0,007;0,003856206;0,002915966;-0,0383;-0,0176;0,0005;0,0123;0,0077;0,016362255;0,004562925;-0,006756043;0,040088013
1996;3;0,0098;0,0114;0,0125;0,0144;0,0104;0,0187;0,0253;0,0227;0,0098;0,0232;-0,0042;0,0228;0,0198;0,0011;-0,0198;-0,010620664;0,004223348;-0,002;0,003441442;0,003251009;-0,0092;-0,0077;-0,0092;0,0009;-0,0014;0,010106836;0,015105547;-0,011053247;0,065004927
1996;4;0,0146;0,0241;0,0374;0,0132;0,0626;0,0559;0,0314;0,078;0,0146;0,011;0,0187;0,0848;0,0398;0,0084;-0,0178;-0,007805491;0,004358219;-0,0022;0,00459044;0,004489592;-0,0136;-0,0049;-0,0018;-0,0009;0,0032;0,005440357;0,021998623;0,00236432;0,057731096
1996;5;0,0254;0,0266;0,0156;0,0099;0,0216;0,0393;0,0336;0,0452;0,0254;0,0148;0,036;0,0749;-0,0133;-0,0031;-0,0046;-0,003779699;0,00467845;0,0009;0,004342339;0,004166052;-0,0021;-0,0017;0,0037;0,0215;0,0271;0,005894695;-0,000632448;0,011364855;-0,007897766
1996;6;0,0038;-0,0084;-0,0207;-0,0008;-0,0413;-0,0383;-0,0146;-0,0618;0,0038;-0,005;0,0125;-0,0582;0,0041;0,0119;0,0214;0,013272027;0,004095198;0,0087;0,004157491;0,00446785;0,0164;0,0127;0,0021;0,0183;0,0138;0,009170535;0,003556558;0,019399979;0,038798385
1996;7;-0,0442;-0,0537;-0,0622;-0,048;-0,077;-0,0841;-0,0597;-0,1197;-0,0442;-0,0428;-0,0455;-0,0943;-0,0324;0,0182;-0,0005;0,001894975;0,004408725;0,0029;0,004715258;0,004637595;0,0003;0,0025;0,0103;0,0045;0,0086;-0,014387744;-0,036850713;-0,035981697;-0,047324705
1996;8;0,021;0,0309;0,053;0,0497;0,0565;0,0594;0,0504;0,0727;0,021;0,028;0,0143;0,0476;0,0001;0,0176;-0,0129;-0,002244458;0,0049444;0,0029;0,004508206;0,004898953;-0,0078;-0,0016;0,0142;0,0358;0,0407;0,027765989;0,009915484;0,020280475;0,032202174
1996;9;0,0561;0,0538;0,0455;0,0342;0,0573;0,0376;0,029;0,058;0,0561;0,0422;0,0691;0,0291;0,0213;0,0143;0,0279;0,01841952;0,004789377;0,0097;0,005178323;0,005825272;0,0249;0,017;0,0205;0,0216;0,0174;0,019207192;0,037599058;0,014485092;0,035468487
1996;10;0,0276;0,0143;0,0016;0,0234;-0,0212;-0,0145;0,0048;-0,0459;0,0276;0,0338;0,022;-0,0175;-0,012;0,0273;0,0388;0,02283655;0,004494654;0,0128;0,004675747;0,005373277;0,0338;0,0221;0,0076;0,0245;0,0321;0,021390287;0,00547981;-0,002084419;-0,002476014
1996;11;0,0756;0,0681;0,06;0,0634;0,0565;0,0436;0,0519;0,0236;0,0756;0,0768;0,0745;0,0288;0,0313;0,0236;0,0324;0,018707295;0,00452049;0,0087;0,004199635;0,004665352;0,0305;0,0176;0,0202;0,0446;0,0455;0,048858875;0,054534822;0,01305483;0,083216854
1996;12;-0,0196;-0,0127;-0,0049;0,0028;-0,0128;0,0241;0,0221;0,0075;-0,0196;-0,0165;-0,023;0,0204;-0,0186;-0,0063;-0,0238;-0,012766497;0,004300548;-0,001;0,004620083;0,004325785;-0,0206;-0,0085;0,0114;0,1067;0,0996;0,017633236;-0,017446992;0,046701031;0,009645162
1997;1;0,0622;0,0546;0,0337;0,0315;0,0356;0,0227;0,0263;0,0265;0,0622;0,0458;0,0787;0,042;-0,0237;-0,0258;-0,0065;0,001606259;0,004748355;0,004;0,004491377;0,004362173;-0,0032;0,0025;0,0075;0,0016;0,0111;0,001112608;0,010629454;0,093075938;-0,01470171
1997;2;0,0079;-0,0011;0,0026;0,0212;-0,0138;-0,0246;0,0045;-0,0474;0,0079;0,0073;0,0082;-0,0206;0,0182;-0,0069;-0,0011;0,000296545;0,003992384;0,002;0,004125147;0,003879282;0,002;0,0011;0,0143;-0,0032;0,0009;0,011595272;0,010081029;0,07136421;-0,068937992
1997;3;-0,0414;-0,0445;-0,0476;-0,0344;-0,0592;-0,0474;-0,0254;-0,0714;-0,0414;-0,0348;-0,048;-0,049;-0,001;-0,012;-0,0229;-0,01309593;0,003937105;-0,002;0,003960267;0,003330055;-0,0212;-0,0097;-0,0192;0,0038;-0,0093;0,030633333;-0,021209878;-0,014634146;0,016867883
1997;4;0,0596;0,045;0,0253;0,0267;0,0241;0,0037;0,0127;-0,013;0,0596;0,0378;0,0808;-0,0276;0,002;-0,0062;0,0235;0,015212086;0,004841572;0,0088;0,004803734;0,005029198;0,0202;0,0149;0,0112;-0,031;-0,0228;-0,006561223;0,031235436;-0,005718675;0,02313418
1997;5;0,0609;0,071;0,0766;0,0654;0,0864;0,1108;0,0839;0,1432;0,0609;0,0626;0,0589;0,1022;0,0654;0,025;0,0098;0,008789372;0,006069799;0,0074;0,005456817;0,006187228;0,0096;0,0087;0,0256;0,0295;0,032;0,041068758;0,060291193;-0,001030131;0,007151497
1997;6;0,0445;0,0437;0,0305;0,0344;0,0271;0,0524;0,0563;0,0387;0,0445;0,038;0,0506;0,0498;0,054;0,0124;0,0178;0,011648114;0,003698042;0,0067;0,004493899;0,005185073;0,0221;0,0116;0,0122;0,0513;0,048;0,048456258;0,048538121;0,061785684;-0,05409986
1997;7;0,0797;0,0777;0,0727;0,0717;0,0736;0,0543;0,0565;0,0566;0,0797;0,0798;0,0788;0,0605;0,0159;-0,0036;0,0534;0,0288741;0,004644202;0,0118;0,00452175;0,005188713;0,0563;0,028;0,0238;0,0285;0,0299;0,045402468;0,044798275;0,023713176;0,040969401
1997;8;-0,0561;-0,0372;-0,0034;-0,0037;-0,0031;0,0224;0,0225;0,0293;-0,0561;-0,0451;-0,0664;0,0509;-0,086;-0,0055;-0,0257;-0,010769764;0,004664445;0,0001;0,004218939;0,003932397;-0,0249;-0,0085;-0,0014;-0,0075;-0,002;-0,058557078;-0,068107492;-0,056763381;0,02529031
1997;9;0,0547;0,0577;0,053;0,0578;0,0488;0,0726;0,0719;0,0761;0,0547;0,0583;0,0508;0,0844;0,0551;0,026;0,0263;0,01649705;0,004392885;0,0078;0,005150664;0,005455907;0,0248;0,0145;0,0158;0,0924;0,0799;0,095457766;0,053023365;0,005615623;0,025294582
1997;10;-0,0335;-0,034;-0,0479;-0,0358;-0,0586;-0,0442;-0,0314;-0,0537;-0,0335;-0,0371;-0,0299;-0,0386;-0,091;-0,0006;0,0299;0,017233868;0,004574787;0,0079;0,004326826;0,004585176;0,0234;0,0145;0,0035;-0,028;-0,0255;-0,050604039;-0,053887486;-0,052425404;0,02751053
1997;11;0,046;0,0333;0,022;0,0361;0,0095;-0,0052;0,0072;-0,0269;0,046;0,0381;0,0541;-0,0155;-0,0119;-0,0082;0,0127;0,000778842;0,003920119;0,0018;0,003911835;0,003505975;0,0066;0,0033;0,007;0,0173;0,017;0,013876791;0,016375063;-0,012402146;-0,098592478
1997;12;0,0172;0,017;0,0218;0,0403;0,0054;0,0166;0,0292;-0,0027;0,0173;0,0223;0,012;-0,0171;0,0092;-0,0025;0,0166;0,012411937;0,004399811;0,0069;0,004683598;0,004864093;0,0166;0,0104;0,0135;0,0248;0,0197;0,035097807;0,010895892;0,022978269;-0,067576382
1998;1;0,0111;0,0044;-0,0175;-0,018;-0,017;-0,016;-0,0158;-0,0079;0,0111;-0,0125;0,0337;0,0201;0,0304;0,0049;0,0191;0,017575216;0,004974601;0,0107;0,00485695;0,005524343;0,0121;0,0132;0,0186;-0,0127;-0,0047;0,040222891;0,026582574;0,011318126;-0,016117117
1998;2;0,0719;0,0734;0,0798;0,0685;0,0929;0,0749;0,0773;0,088;0,0719;0,0753;0,0691;0,0906;0,0688;0,0095;-0,0075;-0,004026221;0,003844256;-0,0007;0,003586064;0,003300486;-0,0026;-0,001;0,0051;-0,0165;-0,017;0,076774712;0,066364843;0,011621901;-0,065984687
1998;3;0,051;0,0506;0,0457;0,0469;0,0443;0,0415;0,0499;0,0435;0,051;0,0502;0,0514;0,0578;0,0322;0,0066;0,0014;0,002482182;0,004383389;0,0037;0,004949951;0,005036368;0,0036;0,0033;0,007;0,0255;0,0165;0,069878637;0,041019334;0,001701983;-0,005193401
1998;4;0,0101;0,011;-0,0003;0,0008;-0,0016;0,005;0,0089;0,0078;0,0101;0,0118;0,0084;0,0375;0,0053;0,0146;0,004;0,004038021;0,004397562;0,0054;0,00462228;0,004592797;0,0064;0,0051;0,0031;-0,0336;-0,0321;0,018113227;0,00859696;-0,015291819;-0,027268241
1998;5;-0,0174;-0,0271;-0,0311;-0,0246;-0,0387;-0,0536;-0,0425;-0,0615;-0,0174;-0,0143;-0,0201;-0,0378;-0,0151;-0,0006;0,0183;0,009430417;0,004632771;0,0056;0,004146262;0,003925085;0,0186;0,0102;0,0057;-0,0089;-0,0085;0,018999483;-0,013691212;-0,017944957;-0,047176886
1998;6;0,0407;0,0354;0,0104;-0,0006;0,0231;-0,0016;-0,0033;0,0126;0,0407;0,0075;0,0709;-0,0273;-0,0027;0,0016;0,0235;0,00913633;0,004451758;0,0054;0,004859828;0,004966832;0,0138;0,0081;0,0055;-0,0003;-0,0062;0,009716926;0,022552461;0,013792498;-0,035454426
1998;7;-0,0105;-0,0227;-0,0511;-0,0557;-0,0457;-0,0798;-0,0753;-0,0691;-0,0105;-0,0215;0;-0,0633;0,0108;0,0084;-0,0051;0,003100667;0,004708648;0,0036;0,004621713;0,004667748;-0,0075;0,0023;0,0081;-0,069;-0,0656;0,018530637;-0,002759416;-0,02712305;-0,078610969
1998;8;-0,1447;-0,1565;-0,1611;-0,1463;-0,1782;-0,1929;-0,1744;-0,2221;-0,1447;-0,1611;-0,1304;-0,1989;-0,1366;-0,0008;0,0483;0,028605262;0,00471396;0,0163;0,005066025;0,006049092;0,0096;0,019;-0,0387;-0,0921;-0,1035;-0,127008835;-0,134518781;-0,054600517;-0,05901581
1998;9;0,0641;0,0668;0,0667;0,063;0,071;0,0753;0,0544;0,076;0,0641;0,0607;0,067;0,0281;-0,0207;0,0509;0,0329;0,037505369;0,001918221;0,0179;0,005841918;0,007120848;0,0342;0,0196;0,016;0,0599;0,0635;-0,041428171;0,016328173;-0,046165442;0,102206517
1998;10;0,0816;0,0751;0,0745;0,0658;0,0845;0,0421;0,0401;0,0641;0,0816;0,0787;0,0841;0,0251;0,1077;0,0024;-0,0169;-0,003029273;0,004447131;0,0025;0,003926063;0,004388883;-0,0253;-0,0055;-0,016;-0,0181;-0,0272;0,078539542;0,089054623;0,002173054;-0,046910707
1998;11;0,0607;0,0617;0,0499;0,0365;0,0654;0,0531;0,044;0,074;0,0607;0,0524;0,0678;0,0733;0,0534;-0,007;0,0088;-0,005950677;0,003084767;-0,0015;0,003208057;0,002375691;0,0234;0,0049;0,0423;0,0158;0,0182;0,051830778;0,058245791;0,031145279;-0,121674557
1998;12;0,0581;0,0645;0,0567;0,022;0,0967;0,0623;0,0389;0,0776;0,0581;0,035;0,0767;0,0124;0,0326;0,0286;-0,0016;0,003842044;0,004483565;0,0025;0,004072842;0,003991391;0,0034;0,0038;0;-0,018;-0,0301;0,042412401;0,047676748;0,025998853;-0,017209398
1999;1;0,042;0,0365;-0,0389;-0,0105;0,0452;0,0123;-0,0114;-0,0126;0,042;0,02;0,0616;0,0552;-0,0063;0,0064;0,0098;0,005065555;0,003505744;0,0041;0,003672815;0,003878278;0,0149;0,0079;0,0159;-0,0244;-0,0199;-0,007681549;0,020776519;0,007359791;0,004364968
1999;2;-0,0312;-0,0373;-0,0521;-0,0223;-0,0294;-0,0811;-0,081;-0,0978;-0,0312;-0,0218;-0,0393;-0,0562;-0,0216;-0,0336;-0,0476;-0,02713884;0,002693772;-0,0088;0,002846792;0,002123874;-0,0369;-0,0177;-0,0065;-0,0157;-0,0269;-0,026645059;-0,027701296;0,020068436;-0,04598755
1999;3;0,04;0,0393;0,029;0,0372;0,0676;0,0148;-0,0038;0,0294;0,04;0,0301;0,0482;-0,0595;0,0497;-0,0023;-0,0034;0,007408174;0,001029059;0,0069;0,004677248;0,005340118;0,0014;0,0056;0,0081;-0,0044;-0,005;0,009593062;0,040494968;0,004805077;0,168829376
1999;4;0,0385;0,0468;0,0781;0,0804;0,0511;0,0887;0,0877;0,0469;0,0385;0,0864;-0,0021;0,0349;0,0508;0,0016;0,0019;0,003105769;0,001913698;0,0031;0,003499506;0,003398945;-0,0016;0,004;0,013;0,0955;0,0971;0,028491154;0,038324442;0,034828115;0,04132787
1999;5;-0,0239;-0,02;0,0048;0,0056;-0,0302;0,0167;0,0397;0,0044;-0,0239;-0,0181;-0,0295;0,0338;-0,05;-0,0272;-0,0163;-0,015327454;0,008328882;-0,003;0,002597005;0,001570939;-0,0156;-0,0083;-0,0153;0,0209;0,022;-0,049295874;-0,037594369;-0,025285552;-0,054567266
1999;6;0,0556;0,0516;0,0548;0,0115;0,0656;0,0583;0,0618;0,0544;0,0556;0,0383;0,0728;0,0122;0,0439;-0,0149;-0,011;0,001251758;0,002792978;0,0011;0,004940737;0,005152707;-0,0126;-0,0055;-0,0056;-0,0187;-0,0138;0,015541469;0,045545592;0,019321943;0,06431475
1999;7;-0,0313;-0,032;-0,021;-0,0331;-0,0342;-0,0224;-0,0159;-0,001;-0,0313;-0,0308;-0,0315;0,0121;0,0227;0,0214;-0,0058;-0,001376303;0,004474463;0,0013;0,004132003;0,003782403;-0,0097;-0,0039;0,0005;-0,0291;-0,0367;0,007926803;-0,004069313;-0,050285213;0,035873759
1999;8;-0,005;-0,0092;-0,0335;-0,0298;-0,0082;-0,0379;-0,0419;-0,0455;-0,005;-0,0251;0,0133;0,0219;0,0033;-0,0018;-0,0049;0,000838409;0,004058314;0,0014;0,00372948;0,002836484;-0,0039;-0,0008;-0,0101;-0,01;-0,0218;0,008821656;-0,002864771;-0,017464424;0,070384398
1999;9;-0,0274;-0,0244;-0,0308;-0,0492;-0,0263;-0,0014;-0,018;0,0238;-0,0274;-0,0395;-0,0169;0,0039;0,0082;0,016;0,0091;0,009891198;0,004938501;0,0084;0,004848202;0,00504998;0,0092;0,0126;0,0002;-0,0412;-0,0372;-0,009056738;-0,010764827;-0,066020878;0,053037382
1999;10;0,0633;0,0629;0,0517;0,044;0,0701;0,0037;-0,024;0,0148;0,0633;0,0566;0,069;0,0233;0,0374;0,0008;0,0012;-0,000108502;0,004064636;0,0026;0,003333862;0,002781909;0,0021;0,0033;0,0012;-0,0225;-0,0258;0,035447999;0,050902578;0,002920149;-0,05156909
1999;11;0,0202;0,0342;0,0529;-0,0206;0,076;0,0598;0,0234;0,0573;0,0202;-0,0059;0,0428;0,1575;0,0408;-0,0154;-0,0059;0,000168643;0,004072624;0,0016;0,003904286;0,003079112;-0,0017;0,0002;0,0166;-0,015;-0,021;0,025706937;0,027115201;-0,001706827;0,040463672
1999;12;0,0598;0,0759;0,0601;0,0254;0,1319;0,1146;0,0283;0,1248;0,0598;0,0374;0,0779;0,0541;0,0937;0,0068;-0,016;-0,004659208;0,004971861;-0,0003;0,004649834;0,003989213;-0,0088;-0,0048;0,0071;0,0307;0,03;0,101316002;0,079966557;0,031982299;0,042238736
2000;1;-0,0503;-0,0418;-0,0283;-0,0637;-0,0089;-0,0169;-0,0521;-0,0123;-0,0503;-0,0319;-0,0667;0,0047;-0,0622;-0,0331;0,0125;-0,008317301;0,003900673;-0,0022;0,003974918;0,00372299;0,0022;-0,0017;-0,0077;0,0061;0,0034;-0,072286685;-0,058160231;-0,002923692;0,072302988
2000;2;-0,0191;0,0254;0,0701;-0,0601;0,1783;0,1651;0,0462;0,2109;-0,0191;-0,0627;0,0207;0,0526;0,0283;0,0026;0,0296;0,008988514;0,004702362;0,0076;0,004636862;0,004847343;0,0081;0,0118;0,0014;-0,0151;-0,0131;0,050980622;0,001746316;-0,034112013;0,062475381
2000;3;0,0975;0,0569;0,086;0,1229;0,012;-0,0669;0,0392;-0,0874;0,0976;0,1039;0,0921;0,0397;0,0348;0,0268;0,0314;0,022014552;0,005374001;0,007;0,004864348;0,004683097;0,0159;0,014;-0,0091;0,035;0,0324;0,02300555;0,068145725;-0,026816434;-0,011606979
2000;4;-0,03;-0,0521;-0,0349;0,0148;-0,0995;-0,0596;0,0071;-0,0362;-0,0301;-0,0067;-0,0498;-0,0863;-0,0541;-0,031;-0,0066;-0,004421492;0,004715758;0,0019;0,004713487;0,005430101;-0,0126;-0,0049;0,0074;0,0673;0,0659;-0,04523463;-0,043179244;0,027659353;-0,009108017
2000;5;-0,0204;-0,0341;-0,0131;-0,0009;-0,0523;-0,0578;-0,0153;-0,0476;-0,0204;0,0031;-0,0406;-0,0387;-0,0267;0,0102;-0,0046;0,003903947;0,006582402;0,003;0,005960263;0,004797831;-0,0139;-0,0016;-0,012;0,0103;0,0105;-0,009317121;-0,026254865;0,044520894;0,111973522
2000;6;0,0249;0,0442;0,0167;-0,0585;0,1149;0,0929;0,0286;0,093;0,0249;-0,0394;0,0817;0,066;0,0427;0,023;0,023;0,019754079;0,005122833;0,013;0,005194923;0,006303807;0,0301;0,0215;0,0247;0,0249;0,0265;0,020266956;0,032669833;0,027705124;0,071267505
2000;7;-0,015;-0,0195;0,0156;0,0381;-0,0584;-0,0338;0,0197;-0,0682;-0,0149;0,0206;-0,0441;-0,0166;-0,0446;-0,0107;0,0149;0,007739602;0,003954902;0,0061;0,004642894;0,003597051;0,0159;0,0088;0,0118;0,0877;0,085;-0,017096537;-0,029087871;0,051182958;-0,076798349
2000;8;0,0619;0,0728;0,1121;0,0681;0,1193;0,076;0,0591;0,1214;0,0619;0,0664;0,0578;0,0952;0,01;-0,0095;0,0208;0,014300059;0,005309342;0,0092;0,00519692;0,004408673;0,0146;0,014;0,016;-0,0399;-0,0397;-0,012905675;0,031565129;-0,010581062;0,1540883
2000;9;-0,0529;-0,0467;-0,0073;0,0213;-0,0347;-0,0298;-0,0021;-0,0515;-0,0529;-0,0003;-0,0977;0,0126;-0,05;0,0029;-0,0085;0,008366941;0,005201178;0,0079;0,005104622;0,005246103;0,0033;0,0076;-0,0135;0,0293;0,0322;-0,047962659;-0,054081182;-0,052292913;-0,013691576
2000;10;-0,0043;-0,0204;-0,0336;0,0279;-0,0581;-0,0434;0,0065;0,0081;-0,0043;0,0186;-0,0263;-0,0609;-0,0303;-0,0156;0,0157;0,008519339;0,004729395;0,006;0,005288579;0,005050829;0,0071;0,0057;-0,0179;-0,0463;-0,0429;-0,008743323;-0,01770319;0,00678971;0,002253731
2000;11;-0,0789;-0,099;-0,0748;-0,0001;-0,1664;-0,1027;-0,0652;-0,1486;-0,0788;-0,0508;-0,1066;-0,0501;-0,0444;0,0157;0,0299;0,021393043;0,006031396;0,0118;0,005511961;0,005995571;0,0155;0,0158;-0,0346;0,0174;0,0119;-0,039900589;-0,061681348;0,006079027;0,092153662
2000;12;0,0051;0,0178;0,0774;0,091;0,0434;0,0861;0,1434;0,0906;0,005;0,0519;-0,0445;0,0051;0,0372;0,0254;0,0245;0,021071188;0,005639364;0,0138;0,006028588;0,007443316;0,0264;0,0179;0,0266;0,0688;0,0692;0,067645086;0,015127334;-0,014916918;-0,020617824
2001;1;0,0355;0,0383;0,0221;-0,0189;0,0621;0,0525;0,0798;0,0009;0,0355;0,0424;0,0285;0,1369;0,011;0,0081;0,0028;0,010915376;0,006193513;0,0126;0,007760566;0,008886029;0,027;0,0176;0,0482;0,0043;0,0146;0,0001879;0,018807733;0,070538624;-0,053074593
2001;2;-0,0914;-0,0941;-0,0569;0,0155;-0,1045;-0,066;-0,0413;-0,0838;-0,0914;-0,0667;-0,118;-0,0588;-0,0761;0,0005;0,018;0,012871755;0,003704158;0,008;0,004051642;0,004275513;0,012;0,0091;0,0067;-0,0172;-0,013;-0,088887358;-0,085469474;0,012444047;-0,0139571
2001;3;-0,0636;-0,0672;-0,0747;-0,023;-0,0843;-0,0487;-0,0416;-0,0517;-0,0636;-0,0397;-0,0905;-0,0451;-0,0715;-0,0254;-0,006;0,007807711;0,005155135;0,0077;0,005437474;0,006809427;-0,0013;0,0054;-0,0125;0,0081;0,0091;-0,076686755;-0,06733317;-0,040587143;-0,039195131
2001;4;0,0777;0,0816;0,1105;0,0568;0,1263;0,0776;0,0602;0,0985;0,0777;0,0681;0,0894;0,0396;0,0789;-0,0043;-0,0256;-0,010243833;0,004222855;0,0006;0,004306927;0,004528062;-0,0143;-0,0046;-0,0013;0,0228;0,0263;0,068371411;0,07239023;-0,017603687;0,053704117
2001;5;0,0065;0,0101;0,0236;0,041;0,0232;0,0245;0,0258;0,0115;0,0065;0,0101;0,0022;0,0586;-0,0352;-0,0035;0,0021;0,001537431;0,003777093;0,0044;0,004381895;0,004558419;0,008;0,0073;0,0077;0,0215;0,0253;-0,052496249;-0,014936468;0,028989586;-0,028485298
2001;6;-0,0245;-0,0164;-0,0041;-0,0209;0,0055;0,0419;0,0413;0,0349;-0,0245;-0,0322;-0,0135;-0,0014;-0,0384;-0,0123;0,0076;0,004453747;0,002989345;0,0033;0,002613472;0,00187627;0,0055;0,0052;-0,028;0,0592;0,0585;-0,039584952;-0,03237926;0,000911743;-0,072341755
2001;7;-0,01;-0,0171;-0,0141;-0,024;-0,0445;-0,0531;-0,0116;-0,0255;-0,01;-0,0174;-0,003;0,018;-0,0243;0,0405;0,0361;0,02522734;0,002682653;0,014;0,003692232;0,00421649;0,0386;0,0223;0,0123;-0,021;-0,0173;0,001903228;-0,013937285;-0,02577883;0,002394084
2001;8;-0,0627;-0,06;-0,0327;-0,0363;-0,0623;-0,0323;-0,0157;-0,0299;-0,0627;-0,058;-0,0674;-0,0299;-0,023;0,0395;0,0202;0,011115719;0,003790474;0,0079;0,003363901;0,003530977;0,0179;0,0111;0,009;0,0354;0,0339;-0,0281888;-0,049489141;-0,008134642;0,009559112
2001;9;-0,0809;-0,09;-0,124;-0,0998;-0,1478;-0,1347;-0,1431;-0,1273;-0,0809;-0,0953;-0,0671;-0,0519;-0,1073;0,0045;0,0088;0,024221969;0,004022714;0,0168;0,005599068;0,005448542;-0,0095;0,0089;-0,0476;-0,0387;-0,0401;-0,100450969;-0,089216234;-0,050339367;-0,109560043
2001;10;0,019;0,0252;0,0446;0,0069;0,0738;0,0579;0,0464;0,0619;0,019;0;0,0362;0,0666;0,0297;0,0232;0,0512;0,019766188;0,002295392;0,0113;0,003235447;0,00253946;0,0454;0,0186;0,0159;-0,0337;-0,0269;0,031531687;0,018549215;0,019853087;-0,050426475
2001;11;0,0765;0,0763;0,0739;0,068;0,1085;0,0775;0,0809;0,0656;0,0765;0,0633;0,0885;0,0402;0,0356;-0,0196;-0,0507;-0,019547485;0,002531915;-0,0083;0,002363461;0,001016661;-0,0225;-0,0134;0,0282;0,0576;0,0535;0,039381851;0,058023749;0,014599961;-0,053706258
2001;12;0,0087;0,0178;0,0515;0,0387;0,0247;0,0605;0,073;0,063;0,0087;0,0147;0,0015;0,0629;0,0135;-0,0239;-0,0182;-0,008960659;0,001655383;-0,0027;0,001674274;0,001346164;-0,0126;-0,0058;-0,0066;0,0247;0,0264;0,02542601;0,005599602;0,031178051;-0,013256305
2002;1;-0,0147;-0,0124;-0,0051;-0,0012;-0,0148;-0,0106;0,0185;-0,0018;-0,0147;-0,0275;-0,0019;0,044;-0,0463;-0,0104;0,012;0,003511894;0,001534509;0,0044;0,00134023;0,00144917;0,0148;0,0069;0,0075;-0,0025;0,0038;-0,052782431;-0,030989043;0,045213508;-0,031200524
2002;2;-0,0194;-0,0205;0,0017;0,0046;-0,0378;-0,027;-0,0029;-0,0304;-0,0194;-0,0087;-0,0296;-0,0445;0,009;0,0072;0,0124;0,011336175;0,001473821;0,0067;0,001531142;0,001774604;0,0118;0,0085;-0,0079;0,0198;0,0181;-0,00171423;-0,009960737;0,019848687;0,043681405
2002;3;0,0374;0,0438;0,0707;0,055;0,0699;0,0802;0,0872;0,0703;0,0374;0,0511;0,0234;0,1121;0,0571;-0,0039;-0,0386;-0,024195605;0,001739225;-0,0082;0,001195359;0,000158018;-0,0319;-0,0146;0,0135;0,0624;0,0599;0,051560992;0,042446911;0,028975388;0,134817882
2002;4;-0,0607;-0,049;-0,0048;-0,0048;-0,0313;0,0092;0,0406;0,0142;-0,0607;-0,0503;-0,0715;0,0181;0,0042;0,0391;0,0373;0,024020383;0,001890208;0,0154;0,002217152;0,002745122;0,0268;0,0169;0,0148;0,0062;0,0131;-0,010415663;-0,035220313;-0,016030534;0,011069234
2002;5;-0,0075;-0,0122;-0,0169;-0,0064;-0,015;-0,0433;-0,0382;-0,0455;-0,0075;0,0039;-0,0198;0,0033;0,0116;0,026;0,0039;0,010975296;0,001786506;0,0059;0,001792683;0,000306309;0,0114;0,008;-0,0041;0,013;0,0145;-0,007374724;-0,000416215;0,03715197;-0,043511313
2002;6;-0,0713;-0,0706;-0,0735;-0,0608;-0,0845;-0,0452;-0,0424;-0,0596;-0,0713;-0,0632;-0,0803;-0,0355;-0,0428;0,0461;0,0176;0,01553489;0,001491087;0,0093;0,001735754;0,002605682;0,0042;0,0029;-0,0287;0,0281;0,0274;-0,036677039;-0,062031499;-0,056349734;0,034172266
2002;7;-0,0772;-0,0802;-0,0969;-0,1004;-0,0987;-0,1505;-0,162;-0,119;-0,0772;-0,1078;-0,0472;-0,1011;-0,098;0,0099;0,0293;0,028181447;0,001664327;0,0154;0,001645797;0,000337977;0,0043;0,0048;-0,0378;-0,0528;-0,0505;-0,112247994;-0,085107016;-0,012506606;0,005783933
2002;8;0,0065;0,0053;0,0059;0,0165;-0,008;-0,0025;-0,0011;0,0199;0,0065;0,0073;0,0063;0,0064;-0,0012;0,0108;0,0428;0,016923529;0,001480047;0,0086;0,001366039;0;0,0479;0,0166;0,0197;0,0016;-0,0002;-0,003331014;3,97328E-05;-0,000802711;0,060480245
2002;9;-0,1087;-0,1007;-0,0815;-0,1198;-0,0802;-0,0721;-0,0742;-0,0499;-0,1087;-0,1148;-0,1037;-0,0534;-0,1088;0,0146;0,0402;0,031196667;0,001536796;0,0121;0,001906627;0,001626805;0,0259;0,0153;-0,0136;-0,0353;-0,0395;-0,132268699;-0,111250906;-0,058734268;0,04566473
2002;10;0,0878;0,0765;0,0433;0,0532;0,0698;0,0321;0,0207;0,0434;0,0878;0,0835;0,092;0,0416;0,057;-0,0029;-0,0284;-0,006107705;0,001680605;0,0002;0,001663116;0,001697918;-0,0383;-0,0061;0,002;-0,0495;-0,0457;0,095829546;0,072752002;0,073399716;-0,047184979
2002;11;0,0588;0,0606;0,0577;0,0765;0,0695;0,0888;0,0536;0,0493;0,0588;0,0702;0,0485;0,0786;0,0475;0,0077;-0,0098;-0,015959891;0,001577978;-0,0066;0,00166863;0,001728508;0,0128;0,0002;0,0441;0,0443;0,0453;0,048007306;0,052517859;0,015902465;-0,002172436
2002;12;-0,0589;-0,0557;-0,0413;-0,0296;-0,0551;-0,0559;-0,0271;-0,0402;-0,0589;-0,0523;-0,0651;-0,0024;-0,0343;0,0529;0,0405;0,028012524;0,001122017;0,0146;0,001307481;0,001072735;0,0386;0,0207;0,0105;0,0085;0,0114;-0,037002458;-0,049499023;-0,02704583;0,085311119
2003;1;-0,0262;-0,0254;-0,0294;-0,02;-0,0206;-0,0275;-0,0411;-0,0273;-0,0262;-0,028;-0,0256;0,012;-0,0376;0,0182;-0,0045;-0,006613513;0,00113084;-0,0013;0,001159828;0,000819478;0,0016;0,0005;0,0155;-0,027;-0,0279;-0,048016766;-0,031225109;0,007508044;0,089911928
2003;2;-0,0152;-0,0169;-0,024;-0,0243;-0,0116;-0,0302;-0,0367;-0,028;-0,0152;-0,0274;-0,0031;-0,0249;-0,0242;0,0196;0,0303;0,018214603;0,0008338;0,0068;0,000853024;0,00077879;0,0284;0,0138;0,013;0,0174;0,0162;-0,034875484;-0,019041588;0,025106458;0,121224797
2003;3;0,0096;0,0109;0,0085;-0,0039;0,0155;0,0122;-0,0038;0,0196;0,0096;-0,0015;0,0201;0,0182;-0,0193;0,0002;-0,0113;-0,002028438;0,00110913;0,0023;0,001287195;0,000313734;-0,0101;-0,0013;0,0136;0,0204;0,0207;-0,019072893;-0,005626514;-0,027347469;-0,144111502
2003;4;0,0825;0,0821;0,072;0,0712;0,073;0,0936;0,0906;0,0701;0,0825;0,0996;0,0675;0,0977;0,097;0,0145;0,0091;0,002068166;0,00087803;0,0011;0,000916481;0,000874798;0,024;0,0087;0,0364;0,0405;0,0477;0,12917981;0,086390036;0,016727467;-0,061371638
2003;5;0,0526;0,0611;0,0781;0,098;0,0878;0,0954;0,076;0,0867;0,0526;0,0793;0,0328;0,1368;0,0615;0,0418;0,0567;0,027543681;0,001065513;0,0105;0,001088704;0,000111622;0,0533;0,0182;0,0033;0,0552;0,0612;0,059972632;0,054527101;0,039992999;0,095878885
2003;6;0,0126;0,0143;0,0064;0,0059;0,0062;0,0201;0,0174;0,0214;0,0126;0,0134;0,0119;0,0487;0,0266;-0,0136;-0,0148;-0,00388904;0,001310729;0,0001;0,001413263;0,001372085;-0,0128;-0,0013;0,0192;0,0225;0,026;0,006971035;0,015643929;0,007236621;0,002193617
2003;7;0,0174;0,0236;0,0301;0,0287;0,0308;0,0536;0,0449;0,0629;0,0174;0,0097;0,0264;0,0883;0,0318;-0,0322;-0,0857;-0,034956837;0,000438842;-0,0091;0,000627003;0,000335905;-0,0857;-0,0334;-0,016;0,0518;0,0524;0,018844216;0,019187983;-0,002422723;0,007121111
2003;8;0,0193;0,0239;0,0477;0,0398;0,044;0,0483;0,0337;0,0618;0,0193;0,0168;0,0231;0,0551;0,0251;-0,0004;0,0143;0,001380981;0,000677685;0,0002;0,000831385;0;0,0186;0,0061;0,0083;0,0065;0,0043;-0,004999958;0,019761653;-0,003684784;0,040862964
2003;9;-0,0107;-0,0115;-0,0152;-0,0116;-0,0241;-0,0164;-0,0049;-0,0262;-0,0107;-0,0041;-0,0169;0,02;0,0278;0,058;0,0507;0,031692754;0,000936735;0,0115;0,001123278;0,00101402;0,0504;0,0271;0,0211;0,0341;0,0315;0,019533965;0,004768459;0,011767673;-0,040836611
2003;10;0,0564;0,0612;0,0754;0,0793;0,0749;0,0811;0,0706;0,091;0,0564;0,0519;0,0619;0,0918;0,0649;-0,0035;-0,0258;-0,014687585;0,000611619;-0,0034;0,000877279;0,000966019;-0,0176;-0,0096;0,0145;0,0163;0,0215;0,066081919;0,0583373;0,007144637;0,021906927
2003;11;0,0086;0,0138;0,0287;0,0285;0,0186;0,0377;0,039;0,0365;0,0086;0,0131;0,0092;0,042;0,0213;0,0164;0,0031;-0,000226836;0,00081104;-0,0007;0,000895398;0,001044661;0,0047;0,0027;0,011;0,0431;0,0452;0,040978712;0,013827676;0,048007919;0,02558983
2003;12;0,0522;0,0448;0,0266;0,043;0,0212;0,024;0,0446;0,004;0,0522;0,0691;0,0296;0,033;0,078;0,039;0,0123;0,009710022;0,000647557;0,0058;0,001128192;0,00157249;0,0136;0,0088;0,0207;0,0308;0,0343;0,081864084;0,06178056;0,004407713;0,062450197
2004;1;0,0182;0,0223;0,0259;0,0341;0,0154;0,0394;0,027;0,0512;0,0182;0,0158;0,0225;0,0644;0,016;0,0037;0,0174;0,006288742;0,000850382;0,0022;0,000825322;0,001035827;0,0189;0,0086;0,0093;0,0428;0,043;0,011090937;0,015411293;0,024371131;0,003918005
2004;2;0,0138;0,0143;0,0223;0,032;0,0174;0,0136;0,0254;0,0029;0,0138;0,0192;0,0086;0,0118;0,025;0,0032;0,0196;0,012301754;0,000496465;0,0058;0,000778319;0,000831972;0,0162;0,0103;0,0026;0,0164;0,0219;0,027845283;0,015546109;0,056380049;0,074204022
2004;3;-0,0151;-0,0107;-0,0022;-0,0015;-0,0023;0,0118;0,0174;0,0058;-0,0151;-0,0137;-0,0159;0,0117;0,0045;0,0158;0,0145;0,01046971;0,000689228;0,004;0,000963876;9,03897E-05;0,0131;0,008;0,0078;0,0543;0,056;-0,034954285;-0,008881315;0,035266855;0,020095888
2004;4;-0,0158;-0,0211;-0,0408;-0,0323;-0,0191;-0,0477;-0,0552;-0,0404;-0,0158;-0,0203;-0,015;-0,0457;-0,0314;-0,0386;-0,0552;-0,032058601;0,000737905;-0,012;0,000721068;0,00044683;-0,0518;-0,0261;-0,0066;-0,1456;-0,1526;-0,012311368;-0,022187457;-0,054001119;0,0275802
2004;5;0,0136;0,0135;0,0266;0,0259;0,0146;0,0192;0,0172;0,0218;0,0136;0,0095;0,0193;0,0096;0,0046;0,0077;-0,0056;-0,004150924;0,000464425;-0,0016;0,000590047;0,000238034;-0,0062;-0,0043;-0,016;0,0709;0,0706;0,011051451;0,006729062;0,001922508;0,046268258
2004;6;0,0193;0,0209;0,0266;0,0321;0,0177;0,0406;0,0499;0,0309;0,0193;0,0268;0,0111;0,0284;0,024;0,0048;0,0087;0,00462285;0,000252301;0,0002;0,000707944;0,000612956;0,0081;0,0056;0,0126;0,0279;0,0299;0,010889661;0,019074913;0,038523985;-0,04700009
2004;7;-0,0331;-0,038;-0,0461;-0,0341;-0,058;-0,0588;-0,0354;-0,0835;-0,0331;-0,0139;-0,0551;-0,0725;-0,0334;-0,0058;0,0152;0,00864326;0,000844935;0,0032;0,001464077;0;0,0171;0,0096;0,0111;0,0051;0,0004;-0,028403298;-0,033432971;0,015278567;0,077527235
2004;8;0,0038;0,0031;0,0008;0,0094;-0,0141;-0,0035;0,0142;-0,0226;0,0038;0,0151;-0,0066;-0,0225;0,0075;0,0231;0,0339;0,019853194;0,001287437;0,008;0,001480166;0;0,0367;0,0194;0,0191;0,0783;0,0788;-0,002570973;0,002570616;0,038216561;-0,038830247
2004;9;0,0107;0,0174;0,0377;0,0357;0,0315;0,0421;0,0337;0,0525;0,0107;0,0113;0,0133;0,0583;0,0296;0,0116;0,0094;0,001994761;0,001407913;0,0004;0,001136168;0,000719072;0,0098;0,0016;0,0122;-0,0023;0,0019;0,039393614;0,017705372;0,014831794;0,126139165
2004;10;0,0151;0,0168;0,0298;0,0219;0,0336;0,0223;0,0151;0,0287;0,0151;0,0143;0,0156;0,0211;0,0324;0,0327;0,0146;0,00668399;0,001335358;0,0033;0,001417209;0,001493865;0,0152;0,0085;0,0171;0,0539;0,0455;0,035610202;0,023702571;0,021058925;0,041483549
2004;11;0,0405;0,0468;0,0699;0,0757;0,0547;0,0757;0,0808;0,0699;0,0405;0,0463;0,0385;0,0797;0,0723;0,0355;-0,0225;-0,013011678;0,001376237;-0,0063;0,001167568;0,001131377;-0,0155;-0,0081;0,0027;0,0415;0,0464;0,07109724;0,050937915;0,047364997;-0,048374744
2004;12;0,0339;0,0363;0,0424;0,04;0,0364;0,0362;0,0302;0,0433;0,0339;0,0346;0,0373;0,0428;0,0444;0,0185;0,0222;0,006412961;0,002298602;0,0033;0,001714298;0,002054494;0,0272;0,0092;0,0108;0,0483;0,0482;0,04181643;0,037257648;0,045347248;-0,099884446
2005;1;-0,0245;-0,0268;-0,0288;-0,0283;-0,0308;-0,0358;-0,0372;-0,0343;-0,0245;-0,0197;-0,0303;-0,0501;-0,0167;-0,0164;0,0259;0,003631602;0,001746948;0,0004;0,001899448;0,002082058;0,0266;0,0065;-0,0017;-0,0846;-0,0791;-0,01917782;-0,023082232;0,017352032;0,067615563
2005;2;0,0209;0,0207;0,0369;0,0289;0,0223;0,0209;0,023;0,0191;0,0209;0,0325;0,0113;0,0037;0,0468;0,0014;-0,0124;-0,009362862;0,001754355;-0,0036;0,001481742;0,00144052;-0,0092;-0,0063;0,0116;0,0285;0,0225;0,048022227;0,03007222;0,013434579;0,062261019
2005;3;-0,0176;-0,0175;-0,0114;-0,0069;-0,014;-0,0226;-0,0188;-0,0268;-0,0176;-0,0161;-0,0166;-0,0438;-0,0293;-0,0108;-0,0076;-0,003759718;0,002490958;-0,0005;0,002346631;0,000229187;-0,01;-0,0049;-0,0268;-0,0158;-0,0186;-0,028489371;-0,021686866;-0,005302594;0,07559327
2005;4;-0,0191;-0,0232;-0,0353;-0,0309;-0,0398;-0,0461;-0,0385;-0,0544;-0,0191;-0,0137;-0,024;-0,0574;-0,0207;0,016;0,0323;0,016755043;0,002376389;0,0072;0,002531148;0,002082307;0,0277;0,0135;-0,0055;0,0581;0,0468;-0,030430865;-0,023924933;0,012573879;-0,090508728
2005;5;0,0317;0,0377;0,0519;0,055;0,0569;0,0617;0,0539;0,0706;0,0317;0,0211;0,0484;0,0629;0,0008;-0,0228;0,0255;0,011435141;0,002674965;0,0044;0,002796087;0,001113204;0,0231;0,0105;0,019;0,0324;0,0358;-0,001912014;0,015160523;0,060028612;-0,007328877
2005;6;0,0013;0,0081;0,0291;0,0386;0,0089;0,0352;0,0387;0,0313;0,0013;0,0099;-0,0019;0,045;0,013;-0,0055;0,0164;0,004080087;0,0023096;0,0024;0,00204521;0,002331622;0,0174;0,0055;0,0122;0,0496;0,047;0,011329605;0,007132606;0,038490607;0,057953739
2005;7;0,0371;0,0411;0,0529;0,0552;0,0565;0,0625;0,057;0,0679;0,0371;0,0299;0,0463;0,0743;0,0368;-0,0095;-0,0258;-0,014021273;0,002444078;-0,0041;0,002074789;0,000444251;-0,0246;-0,0099;0,0092;0,0697;0,0657;0,035719828;0,034254487;0,02271664;0,054952404
2005;8;-0,0091;-0,0094;-0,0035;-0,0024;-0,0143;-0,0167;-0,0213;-0,0124;-0,0091;-0,0036;-0,0129;-0,0214;0,0285;0,0228;0,0287;0,015471501;0,003290036;0,0075;0,002991813;0;0,0271;0,0136;0,0025;-0,0374;-0,0425;0,011870213;0,005590133;0,00986073;0,15143452
2005;9;0,0079;0,0086;0,0135;0,0223;0,0015;0,0071;0,0054;0,0088;0,0079;0,0142;0,003;0,0079;0,0473;-0,0234;-0,0278;-0,01337306;0,002997012;-0,0031;0,002933997;0,002670319;-0,034;-0,011;-0,0056;0,0057;-0,001;0,023631264;0,024696039;0,031658949;0,000179357
2005;10;-0,0168;-0,0186;-0,0318;-0,0344;-0,0167;-0,0323;-0,0298;-0,0347;-0,0168;-0,0253;-0,0086;-0,0173;-0,0337;-0,0176;-0,0174;-0,007549629;0,002724139;-0,0011;0,00247732;0,002339896;-0,0205;-0,0081;-0,0054;-0,0235;-0,0273;-0,032025699;-0,024858002;-0,058935454;-0,103250769
2005;11;0,0376;0,0397;0,0502;0,0409;0,0501;0,0461;0,0377;0,0546;0,0376;0,0348;0,0433;0,0436;0,0267;-0,0147;0,0057;0,005394038;0,003533983;0,0039;0,00347569;0,00361969;0,0077;0,0048;0,0091;0,0425;0,0434;0,014437134;0,031436995;-0,014101301;-0,038478195
2005;12;0,0002;0,0014;0,0136;0,0174;0,0038;-0,0006;-0,0043;0,003;0,0002;0,0073;-0,0042;0,0035;0,0514;0,0164;0,0233;0,0077684;0,003298186;0,0041;0,003553718;0,003865136;0,0218;0,0099;0,0093;-0,001;-0,0022;0,034838338;0,021408757;0,03134038;0,028684959
2006;1;0,0265;0,035;0,0556;0,045;0,0484;0,0785;0,0707;0,0858;0,0265;0,0323;0,0247;0,0864;0,0687;0,0118;-0,009;-0,002919481;0,00285106;0,0014;0,002606586;0,002992888;-0,0112;-0,0011;0,0092;0,0753;0,07;0,064708523;0,044077041;0,038341916;0,043341212
2006;2;0,0026;0;-0,0107;0,0017;-0,0013;-0,0016;0,0013;-0,0039;0,0026;0,0065;-0,0064;-0,0051;-0,0072;-0,0021;0,0081;-0,000757956;0,003294662;0,0001;0,00306149;0,003171346;0,0128;0,0037;0,007;0,0183;0,0144;-0,000484937;-0,002865489;0,100466487;-0,101043068
2006;3;0,0123;0,018;0,0299;0,0191;0,0315;0,042;0,0358;0,0475;0,0123;0,0133;0,0146;0,0444;0,0317;-0,0078;-0,034;-0,00655844;0,004210389;0,0005;0,004126435;0,000166695;-0,0377;-0,01;-0,0004;0,0483;0,05;0,034932418;0,019563924;0,048235242;0,051304209
2006;4;0,0133;0,0111;0,01;0,0192;0,005;0,0003;0,0006;0;0,0133;0,0261;-0,0004;0,0044;0,0512;0,0265;-0,0196;-0,001347003;0,003483905;0,0033;0,003331343;0,003057362;-0,0196;-0,0021;0,0026;-0,0363;-0,031;0,04742697;0,028698891;-0,045845394;0,063333741
2006;5;-0,029;-0,0323;-0,0366;-0,0259;-0,0463;-0,0494;-0,0383;-0,0596;-0,029;-0,0234;-0,0356;-0,0541;-0,0445;0,0118;-0,0003;0,000257226;0,004317688;0,0005;0,003965853;0,000775572;-0,0018;-0,0009;-0,0037;-0,028;-0,0278;-0,034377229;-0,037235034;-0,072496096;-0,007696327
2006;6;0,0013;0,0017;-0,0022;-0,0085;-0,0038;0,002;0,0109;-0,008;0,0013;0,007;-0,0036;-0,0161;-0,0038;-0,0083;0,0071;0,001762643;0,00414322;0,0025;0,003957379;0,004058466;0,0026;0,001;-0,004;0,0529;0,0499;0,000731944;-0,00174854;0,03963444;0,011624459
2006;7;0,0061;-0,0013;-0,0228;-0,0217;-0,0391;-0,0331;-0,0146;-0,053;0,0061;0,0269;-0,0202;-0,0386;0,0115;0,0075;0,0184;0,013106261;0,004197919;0,0076;0,004311934;0,000243175;0,0199;0,0135;0,0078;0,0349;0,0301;0,014247498;0,005529822;0,063616175;0,020052136
2006;8;0,0236;0,0231;0,02;0,0182;0,026;0,0227;0,0232;0,0219;0,0236;0,017;0,03;0,0187;0,0253;0,0051;0,0274;0,014145069;0,004633166;0,0076;0,004499817;0,000265483;0,032;0,0164;0,0144;0,0372;0,0342;0,028420041;0,023838316;0,016877637;-0,072575187
2006;9;0,0256;0,0227;0,0163;0,0136;0,0234;0,0086;0,0088;0,0089;0,0256;0,0209;0,0284;0,0005;0,0025;-0,0019;0,0158;0,008712182;0,00464767;0,0055;0,004476819;0,004672427;0,0189;0,0081;0,0125;0,019;0,0198;0,007957546;0,010667671;0,082816444;-0,107064355
2006;10;0,0325;0,0353;0,037;0,0355;0,0425;0,052;0,0482;0,0566;0,0325;0,0318;0,0344;0,0453;0,04;0,0084;0,0077;0,005136232;0,003848134;0,0046;0,003688604;0,003758491;0,0134;0,0072;0,0094;0,0611;0,0632;0,042290586;0,036085011;0,020779836;-0,025682641
2006;11;0,0189;0,0223;0,0383;0,035;0,0381;0,031;0,0304;0,0313;0,0189;0,0203;0,0219;0,0186;0,0373;0,0258;0,0191;0,010194586;0,004331344;0,0055;0,004259224;0,00415318;0,0239;0,0111;0,0156;0,0469;0,0446;0,033195979;0,022657538;0,014358141;0,055281295
2006;12;0,0139;0,0113;-0,0026;0,01;-0,007;0,0001;0,0048;-0,0043;0,0139;0,0242;0,0013;0,0126;0,0309;-0,0188;-0,0214;-0,008773317;0,004452612;-0,002;0,004743365;0,004802774;-0,0226;-0,0048;0,0093;-0,0181;-0,0122;0,031757031;0,01952492;0,083670355;-0,071178691
2007;1;0,0149;0,0188;0,0364;0,034;0,0386;0,0239;0,0199;0,0273;0,0149;0,0094;0,0269;0,0102;0,0096;-0,0128;-0,0085;-0,001132805;0,004060956;0,0019;0,003752949;0,003942812;-0,006;-0,0008;0,006;0,0852;0,0783;0,005351535;0,011225564;0,022638454;-0,022899115
2007;2;-0,0197;-0,0161;0;0,0017;-0,0009;-0,0012;-0,0057;0,0037;-0,0197;-0,0164;-0,02;-0,0066;0,0006;0,0211;0,0293;0,017681157;0,003919361;0,0093;0,003973527;0,004231406;0,0328;0,015;0,0151;-0,0241;-0,0292;-0,004727841;-0,00652699;0,006920058;0,04296995
2007;3;0,0111;0,0111;0,0085;0,0058;0,0112;0,0122;0,0059;0,0181;0,0111;0,0162;0,0056;0,0041;0,028;0,0027;-0,0113;0,001230266;0,004792064;0,0028;0,004602964;0;-0,0197;0,0002;0,0013;-0,0237;-0,025;0,03253801;0,015928853;0,036106267;0,032343543
2007;4;0,0442;0,0401;0,0368;0,0309;0,0425;0,0267;0,0184;0,0353;0,0442;0,0416;0,0432;0,0193;0,0392;0,0055;0,0086;0,005486713;0,004320026;0,0046;0,004234797;0,00372929;0,0101;0,0051;0,0124;-0,0004;0,0011;0,059795208;0,042055078;-0,053955054;-0,00275059
2007;5;0,0348;0,0369;0,0434;0,035;0,0521;0,0441;0,0367;0,0512;0,0348;0,0367;0,0347;0,0204;0,0309;-0,0239;-0,0193;-0,010590284;0,004989652;-0,004;0,004779075;0,001773683;-0,0179;-0,0078;0,0061;-0,0011;0,001;0,010903935;0,024723993;0,000697642;-0,015533694
2007;6;-0,0168;-0,0167;-0,0197;-0,0306;-0,0084;-0,016;-0,0251;-0,0072;-0,0168;-0,0212;-0,012;-0,0059;0,0061;-0,0064;-0,0088;0,000278782;0,004133227;0,0037;0,004036059;0,004110845;-0,0119;-0,0039;-0,0227;-0,0926;-0,0904;-0,002298562;-0,008974742;-0,096521194;0,032212041
2007;7;-0,0308;-0,0341;-0,0411;-0,0627;-0,0201;-0,0576;-0,0721;-0,0438;-0,0308;-0,0449;-0,0159;-0,056;-0,0106;0,0312;0,0239;0,017226243;0,004256375;0,0106;0,003964023;0,000823684;0,0061;0,0084;-0,033;-0,0777;-0,0879;-0,022048159;-0,022809481;-0,073729696;0,055459691
2007;8;0,015;0,0145;0,0043;0;0,009;0,0134;0,0145;0,0126;0,015;0,0131;0,0168;0,0031;-0,0072;0,0023;0,0197;0,019694176;0,00666891;0,0115;0,007441613;0;0,0095;0,0134;0,0184;0,0649;0,055;-0,013771055;-0,002698921;0,039611796;-0,041868278
2007;9;0,0372;0,0359;0,0289;0,0195;0,0374;0,0215;0,0089;0,0328;0,0372;0,0331;0,0428;0,0285;0,0638;0,0335;0,0021;0,004550415;0,003949959;0,0074;0,003609205;0,004608835;0,0071;0,0072;0,028;0,0425;0,0424;0,049999509;0,046101237;-0,046235827;0,102258218
2007;10;0,0158;0,0185;0,017;0,0035;0,0298;0,0262;0,0135;0,038;0,0158;0,0022;0,0321;0,0151;0,059;0,0144;0,014;0,007525647;0,003278318;0,0045;0,00351621;0,003866021;0,0173;0,0093;0,0046;0,0122;0,0082;0,045500806;0,029857809;-0,02642302;0,096069341
2007;11;-0,0419;-0,0449;-0,0502;-0,0568;-0,0442;-0,0679;-0,0674;-0,0686;-0,0419;-0,0494;-0,0334;-0,0854;-0,0457;0,0202;0,0459;0,033909921;0,004939493;0,0216;0,005947614;0,005967815;0,0158;0,0191;-0,0187;-0,0932;-0,0862;-0,033813853;-0,042445958;-0,07883155;-0,036972268
2007;12;-0,007;-0,006;-0,0007;-0,0189;0,0181;-0,0072;-0,0142;-0,0003;-0,007;-0,0145;0,0018;0,0041;-0,0228;0,0027;-0,0048;0,002920099;0,002638158;0,0025;0,002458059;0,01772651;-0,005;0,0022;0,0047;-0,0511;-0,0442;-0,017828287;-0,013742891;-0,021265633;0,057652069
2008;1;-0,0602;-0,0608;-0,0652;-0,0363;-0,0929;-0,0623;-0,0362;-0,088;-0,0602;-0,0409;-0,0794;-0,0799;-0,0855;0,0494;0,0264;0,03029093;0,005706279;0,0201;0,006864894;0,009169653;0,0005;0,0179;-0,0072;-0,0034;-0,003;-0,104981697;-0,077075006;0,023307011;-0,000254745
2008;2;-0,0325;-0,0307;-0,0227;-0,0391;-0,0065;-0,0265;-0,0315;-0,0203;-0,0325;-0,0478;-0,0141;-0,0361;0,0033;0,024;0,0035;0,016159858;0,002260863;0,0109;0,002373455;-0,007374293;-0,0066;0,0009;-0,0146;-0,0373;-0,0385;0,014330778;-0,007355699;0,012253297;0,112584878
2008;3;-0,0044;-0,0058;-0,0204;-0,0073;-0,033;-0,005;0,0014;-0,0115;-0,0044;-0,0038;-0,0083;-0,0114;-0,0071;0,0155;0,0102;0,011748834;0,002473786;0,0025;0,002846216;0,000467916;-0,0007;0,003;-0,0022;0,0645;0,0388;0,000392568;-0,012474237;-0,008223988;-0,011741561
2008;4;0,0485;0,0502;0,067;0,0509;0,0828;0,0548;0,0442;0,0651;0,0485;0,0414;0,0583;0,0282;0,0585;-0,0257;-0,0184;-0,024290367;0,001177199;-0,0096;0,00134422;0,001145224;0,0014;-0,004;0,0365;0,0589;0,061;0,038867708;0,049801621;-0,019193143;0,079645563
2008;5;0,0129;0,0209;0,044;0,0366;0,0507;0,0516;0,0417;0,0622;0,0129;-0,0041;0,0367;0,0337;0,0151;-0,0168;-0,0213;-0,014064513;0,000512918;-0,0051;9,32718E-05;0,000154815;-0,02;-0,0069;-0,0022;0,0014;0,0076;-0,00479111;0,011092202;-0,05414648;0,0910395
2008;6;-0,0844;-0,0819;-0,0761;-0,0978;-0,0542;-0,089;-0,1156;-0,0635;-0,0844;-0,0953;-0,0672;-0,0748;-0,0899;-0,0051;0,018;0,008930714;0,002090095;0,0033;0,001765461;0,001238784;0,0061;-0,0001;-0,0301;-0,1077;-0,1125;-0,088586051;-0,081008648;-0,112533896;0,092165411
2008;7;-0,0083;-0,0077;-0,0393;-0,0143;-0,0636;0,0167;0,0402;-0,0048;-0,0083;-0,0032;-0,0184;0,0391;-0,0367;-0,0016;0,003;0,00601385;0,002333809;0,0052;0,00289215;0,001163568;-0,0169;0;-0,0114;0,0315;0,0281;-0,029658837;-0,025268716;0,008827024;-0,122263263
2008;8;0,0145;0,0158;0,0153;0,03;0;0,0313;0,0387;0,0242;0,0145;0,0165;0,0117;0,0138;-0,051;-0,0246;0,018;0,011888559;0,001839756;0,0056;0,001664871;0;0,0135;0,007;0,0067;0,0225;0,0201;-0,04202412;-0,015977915;0,025912839;-0,071024843
2008;9;-0,0891;-0,0926;-0,1291;-0,0896;-0,1706;-0,0941;-0,0605;-0,1268;-0,0891;-0,0695;-0,1143;-0,0755;-0,1309;-0,0641;0,0028;0,008500844;0,003855121;0,0053;0,003754241;0,004905327;-0,0573;-0,011;-0,0613;-0,0011;-0,0033;-0,151899634;-0,120770012;-0,036848723;-0,124417778
2008;10;-0,1679;-0,1763;-0,2193;-0,2208;-0,2181;-0,2156;-0,2109;-0,2215;-0,1679;-0,1655;-0,1771;-0,1835;-0,2209;-0,0494;-0,0363;0,003681095;0,002178397;0,0049;0,002983876;0,005388662;-0,0923;-0,0253;-0,1539;-0,3123;-0,3023;-0,213182576;-0,190451464;-0,203553386;-0,281985407
2008;11;-0,0717;-0,079;-0,0918;-0,08;-0,1054;-0,1145;-0,1049;-0,1249;-0,0717;-0,0628;-0,0858;-0,1411;-0,0629;-0,0006;0,1207;0,056288766;0,001326329;0,0103;0,002486335;0,003812134;0,0822;0,0364;-0,0622;-0,2339;-0,2151;-0,072280266;-0,067191785;-0,126719407;-0,148408357
2008;12;0,0107;0,0186;0,0488;0,0583;0,0389;0,0558;0,0538;0,0576;0,0107;0,0173;0,0119;0,0276;0,0816;0,081;0,0886;0,031113529;1,94713E-05;0,0117;0,000883077;0,002974905;0,1308;0,0332;0,0846;0,1739;0,1587;0,051840656;0,030573642;0,018770913;-0,133195757
2009;1;-0,0841;-0,0826;-0,0703;-0,0937;-0,0462;-0,1025;-0,1303;-0,0748;-0,0841;-0,1144;-0,0458;-0,0997;-0,1196;-0,0176;-0,0847;-0,021161388;8,99871E-05;-0,0009;-0,000198924;-0,000218838;-0,0557;-0,007;0,0571;-0,1739;-0,1649;-0,111597786;-0,088455445;-0,089001041;-0,089388726
2009;2;-0,1066;-0,1045;-0,0957;-0,1196;-0,0734;-0,1196;-0,1396;-0,1008;-0,1066;-0,1334;-0,0733;-0,1176;-0,0958;-0,0434;-0,0101;-0,009352916;0,000397276;-0,0001;0,000185671;-0,00037073;-0,0268;-0,0042;-0,0289;-0,2076;-0,1946;-0,104753993;-0,104865485;-0,084857545;-0,061006819
2009;3;0,0876;0,0865;0,0886;0,0879;0,0895;0,0948;0,0939;0,0952;0,0876;0,0893;0,083;0,0967;0,0931;0,021;0,0526;0,025913475;0,000622239;0,009;0,000742546;0,001280049;-0,0019;0,0148;0,0195;0,0376;0,0441;0,066538208;0,072387373;-0,015758624;0,045057344
2009;4;0,0956;0,1061;0,1418;0,1616;0,123;0,1825;0,1976;0,1707;0,0956;0,103;0,0919;0,1454;0,1278;0,0174;-0,0499;-0,018529599;0,00040423;-0,0025;0,00077027;0,001455403;0,0042;0,0036;0,0783;0,3131;0,2797;0,131582448;0,109050242;0,139607537;-0,009186549
2009;5;0,0562;0,0538;0,0414;0,0392;0,0427;0,0374;0,035;0,0394;0,0562;0,0675;0,0435;0,0541;0,1435;0,0686;-0,0268;-0,016200751;0,000300029;0,0021;0,000221314;0,000502295;0,0438;0,0085;0,0435;0,0236;0,0214;0,11116589;0,086200274;-0,006510751;0,196650838
2009;6;0,0022;0,0034;-0,0047;-0,0074;-0,0013;0,0116;-0,001;0,0243;0,0022;-0,0088;0,0144;0,0365;-0,0132;0,0122;0,007;-0,006614797;0,000184376;-0,0017;0,000201578;0,000123518;0,0383;0,0054;0,017;-0,0325;-0,0247;-0,022090444;-0,006140181;-0,027334656;0,005711
2009;7;0,0758;0,0782;0,0901;0,1051;0,0741;0,0968;0,1064;0,0866;0,0758;0,0804;0,0708;0,0714;0,0996;0,0436;0,008;0,006119626;0,000364482;0,0022;0,000477957;0,000907018;0,0539;0,0143;0,0579;0,1064;0,1018;0,103853906;0,083714711;0,114716312;0,004442791
2009;8;0,036;0,0363;0,0496;0,0681;0,0308;0,0446;0,0612;0,0279;0,036;0,051;0,0197;0,0098;0,035;0,0317;0,0168;0,011083818;0,000299249;0,0037;0,000410154;0,000584229;0,0242;0,0101;0,0029;0,1399;0,1222;0,060393412;0,039096322;0,157785907;-0,023653999
2009;9;0,0372;0,0423;0,0623;0,0587;0,0657;0,0634;0,0552;0,0716;0,0372;0,0337;0,0453;0,0555;0,0515;0,0362;0,0198;0,0085739;0,000334324;0,0029;0,000397587;0,000719141;0,0314;0,0119;0,0417;0,0669;0,0637;0,045563917;0,038122732;0,018958648;0,001726228
2009;10;-0,0187;-0,0257;-0,0438;-0,0483;-0,0392;-0,0664;-0,0632;-0,0686;-0,0187;-0,0267;-0,0138;-0,0717;-0,0217;0,0121;-0,0145;0,002650376;0,000293813;0,0024;0,000249996;0,000492922;-0,0071;0,0041;0,016;-0,0464;-0,048;-0,012188897;-0,018469634;0,014628556;0,058727127
2009;11;0,0598;0,0563;0,0492;0,057;0,0408;0,0333;0,0367;0,0292;0,0598;0,06;0,0583;0,0126;0,0386;0,0288;0,0191;0,021039996;0,000143192;0,0087;0,000241389;0,000440586;0,0102;0,0136;0,0065;0,0685;0,0684;0,026126375;0,038725512;-0,023520032;0,015243858
2009;12;0,0195;0,0286;0,0617;0,0523;0,0729;0,0788;0,0688;0,0888;0,0195;0,0121;0,0337;0,0763;0,0153;-0,0447;-0,0566;-0,032719411;0,000279;-0,0113;0,000125577;-0,000130176;-0,0244;-0,0168;0,0276;0,0703;0,0643;0,014313818;0,016937234;0,042865891;0,008643447
2010;1;-0,036;-0,035;-0,0355;-0,0229;-0,0483;-0,0335;-0,0306;-0,0362;-0,036;-0,0247;-0,0458;-0,0385;-0,0507;0,018;0,0266;0,020306441;0,000115344;0,0095;0,000322018;0,000772772;0,0184;0,0157;0,0083;-0,0532;-0,0468;-0,059548971;-0,0418762;-0,033927057;-0,078943921
2010;2;0,0309;0,0336;0,052;0,0487;0,0552;0,0497;0,0521;0,0469;0,0309;0,0253;0,0376;0,0374;0,0022;0,004;-0,0021;0,00524346;5,08503E-05;0,0019;1,32352E-05;8,42293E-05;-0,0044;0,002;0,0005;0,0555;0,0506;-0,021897191;0,01233635;-0,010468022;0,055584197
2010;3;0,0601;0,0627;0,0706;0,0702;0,0711;0,0808;0,08;0,0813;0,0601;0,0616;0,059;0,0696;0,0671;-0,0125;-0,0151;-0,008958558;0,000147301;-0,0036;0,000102038;5,64421E-05;0,0017;-0,0008;0,027;0,1009;0,0942;0,061809251;0,059277468;0,058831559;0,019353478
2010;4;0,0158;0,0217;0,036;0,0392;0,0322;0,0554;0,0619;0,049;0,0158;0,0178;0,0154;0,0855;-0,0171;0,0108;0,0276;0,015548569;0,000164576;0,0039;0,00023906;0,000309973;0,0328;0,0106;0,0172;0,0709;0,0658;-0,030992331;-0,00163761;-0,049568132;0,027749911
2010;5;-0,0801;-0,08;-0,0733;-0,0755;-0,0709;-0,078;-0,0799;-0,0753;-0,0801;-0,0779;-0,0827;-0,0809;-0,1078;-0,0108;0,0423;0,019951364;0,000200183;0,0048;0,000244978;0,000413023;-0,0006;0,0087;-0,0342;-0,0541;-0,0532;-0,129504399;-0,099087742;-0,071414039;-0,131891526
2010;6;-0,0524;-0,0566;-0,0615;-0,0615;-0,0616;-0,0757;-0,0804;-0,0713;-0,0524;-0,051;-0,057;-0,0786;-0,0117;0,0242;0,0467;0,023379925;0,000158228;0,0056;0,000208223;0,000307106;0,0409;0,0161;0,0177;-0,0524;-0,0453;-0,009345787;-0,035634344;-0,005550687;0,004171856
2010;7;0,07;0,0699;0,0687;0,0661;0,071;0,0716;0,0743;0,0689;0,07;0,0654;0,0743;0,0589;0,1033;0,0344;-0,0017;0,011272939;0,000294405;0,0038;0,000263637;0,00027838;0,0152;0,0094;0,0342;0,0973;0,0899;0,115372231;0,080189336;0,089453584;0,056301421
2010;8;-0,0453;-0,0475;-0,045;-0,0506;-0,039;-0,0661;-0,067;-0,065;-0,0453;-0,0426;-0,0472;-0,0927;-0,0322;0,0293;0,0708;0,021348933;0,000257659;0,0037;0,000210257;0,000362851;0,0517;0,0148;0,0028;-0,0124;-0,014;-0,038923814;-0,039230068;-0,005595254;-0,055247786
2010;9;0,0892;0,0947;0,1059;0,0911;0,1201;0,1198;0,1042;0,1361;0,0892;0,0755;0,1076;0,1306;0,1041;0,0264;-0,0182;0,005812158;0,000155498;0,0018;0,000201685;0,000145704;-0,0107;-0,0001;0,0276;0,0437;0,0446;0,108942468;0,091140086;0,078706528;0,08488132
2010;10;0,0379;0,0394;0,0404;0,0352;0,0452;0,0408;0,0357;0,0453;0,0379;0,0269;0,0513;0,044;0,0355;0,0203;-0,0329;0,005565131;0,000213057;0,0026;0,000220402;0,000316453;-0,0219;0,0036;0,022;0,048;0,0456;0,042497155;0,036492723;0,04436903;0,025567374
2010;11;0;0,0058;0,0218;0,0035;0,0392;0,0307;0,023;0,0387;0;-0,0056;0,0094;0,0308;-0,0452;-0,0449;-0,016;-0,011153746;0,00018632;-0,003;4,85886E-05;1,01198E-05;-0,0101;-0,0057;-0,0166;-0,0204;-0,0162;-0,07807837;-0,023455564;-0,08563004;0,01082534
2010;12;0,0667;0,0681;0,0683;0,0722;0,0637;0,0772;0,0755;0,0787;0,0667;0,0789;0,0557;0,0891;0,0834;0,0104;-0,0358;-0,026421522;0,000411816;-0,0048;0,000311975;0,000397307;-0,008;-0,0115;0,0132;0,0463;0,0467;0,083347153;0,072483281;0,074893057;0,094025496
2011;1;0,0236;0,0219;0,0226;0,024;0,0221;0,0086;0,0062;0,0105;0,0236;0,0284;0,0187;0,002;0,007;0,0051;-0,0238;0,004506745;0,000144364;0,0025;0,000121428;0,000332057;-0,0156;0,0008;0,0201;0,0332;0,0364;0,038465023;0,021883161;-0,013285985;0,030518003
2011;2;0,0342;0,036;0,04;0,0365;0,0432;0,0534;0,0466;0,0605;0,0342;0,0402;0,0273;0,052;0,0271;0,008;0,0124;-0,00413115;0,000183044;-0,0022;0,000179776;0,000258523;0,0208;0,0016;0,0125;0,0458;0,0449;0,030898288;0,033303697;0,060685034;0,03745559
2011;3;0,0003;0,0045;0,0172;0,0136;0,02;0,0242;0,015;0,0324;0,0003;0,0004;0,0029;0,0141;-0,0043;0,0023;0,0002;-0,002335363;0,000400531;-0,0013;0,000233412;4,92297E-05;-0,0038;-0,0001;0,0028;-0,0144;-0,0138;-0,010953365;-0,012371573;0,002457002;0,043514367
2011;4;0,0295;0,0299;0,0273;0,0294;0,0252;0,0294;0,024;0,0351;0,0295;0,0294;0,0305;0,0133;0,0524;0,034;0,0204;0,018294078;0,000302107;0,0071;0,000358553;0,000669403;0,0275;0,0132;0,0161;0,0566;0,0489;0,074237826;0,040223234;0,031570962;0,044117026
2011;5;-0,0115;-0,0116;-0,0044;-0,0052;-0,0033;-0,0203;-0,0211;-0,0195;-0,0115;-0,0136;-0,007;-0,0225;-0,0287;-0,0026;0,0329;0,019836445;5,27744E-05;0,0052;8,25823E-05;0,000102781;0,0259;0,013;0,0059;0,0136;0,0084;-0,041461205;-0,024494102;0,014482095;-0,068884112
2011;6;-0,0167;-0,0179;-0,024;-0,0305;-0,0177;-0,0199;-0,021;-0,0195;-0,0167;-0,0215;-0,0139;-0,0192;-0,0151;0,0003;-0,02;-0,002661661;0,000184962;-0,0004;0,000178346;0,00028723;-0,0215;-0,0039;-0,0096;-0,0335;-0,0268;-0,021224045;-0,017292838;-0,008197178;-0,053054186
2011;7;-0,0205;-0,0228;-0,0347;-0,04;-0,03;-0,0372;-0,0345;-0,0394;-0,0205;-0,0352;-0,0069;-0,028;-0,0153;0,0363;0,0418;0,026176223;-4,85827E-05;0,0052;-0,000103839;-0,000230948;0,0453;0,0158;0,0146;0,0155;0,0039;-0,03470024;-0,018876457;-0,036039582;0,02434883
2011;8;-0,0545;-0,0599;-0,0704;-0,065;-0,0753;-0,0831;-0,0808;-0,085;-0,0545;-0,0578;-0,0562;-0,1053;-0,0845;0,0063;0,0868;0,026256826;0,000288376;0,0052;0,000423913;0,000798402;0,0127;0,0146;-0,0319;-0,0553;-0,0506;-0,102593286;-0,072608024;-0,087605716;-0,018445564
2011;9;-0,0704;-0,0775;-0,0986;-0,0875;-0,1094;-0,11;-0,106;-0,1141;-0,0704;-0,0707;-0,076;-0,1124;-0,1229;-0,0157;0,1016;0,006698578;7,05064E-05;-0,0022;-1,70E-06;1,75526E-05;0,049;0,0089;-0,0191;-0,1098;-0,1041;-0,111114906;-0,088471662;-0,101131497;-0,121688256
2011;10;0,1091;0,1151;0,1313;0,1234;0,1392;0,1526;0,1434;0,1618;0,1091;0,1036;0,1179;0,1385;0,1022;0,0123;-0,0334;-0,003310008;0,000108102;0,0015;8,33853E-05;0,000157093;0,0179;0,0016;0,0539;0,1439;0,1331;0,12031256;0,102558273;0,062299979;0,097461777
2011;11;-0,0023;-0,0029;-0,0065;0,0005;-0,0136;-0,0041;-0,0026;-0,0064;-0,0023;-0,0049;-0,0016;-0,0193;-0,0288;-0,0149;0,0182;0,001268966;3,18528E-05;-0,0004;3,57336E-05;0,000110562;-0,0314;-0,003;-0,0205;-0,0373;-0,0353;-0,04855992;-0,026856245;-0,051348999;0,014166019
2011;12;0,0102;0,008;-0,003;0,0125;-0,0189;0,0022;0,01;-0,0054;0,0102;0,0239;-0,0064;0,0294;-0,0264;0,0183;0,0313;0,008502149;1,93199E-05;0,0021;3,40308E-05;0,000114498;0,0365;0,0108;0,0275;0,0461;0,0455;-0,016024521;-0,001695925;-0,023147495;-0,021074754
2012;1;0,0446;0,0508;0,0656;0,0521;0,0802;0,0695;0,0685;0,0712;0,0446;0,0342;0,0626;0,0784;0,0727;0,023;0,0008;0,007120309;-2,61075E-05;0,0023;-5,01937E-05;-1,18433E-05;0,0246;0,0087;0,0287;0,0649;0,0647;0,045633933;0,049297519;0,052232336;0,022322483
2012;2;0,0431;0,0426;0,043;0,0364;0,0506;0,0319;0,0249;0,0387;0,0431;0,0392;0,0488;0,0238;0,0514;-0,0144;-0,0211;-0,008921553;0,000136285;-0,0014;2,29711E-05;-0,000103082;0,0038;-0,0005;0,019;-0,0112;-0,0066;0,060426712;0,046600274;0,00425678;0,060634663
2012;3;0,0328;0,0307;0,0198;0,0199;0,0192;0,023;0,0235;0,0226;0,0328;0,0289;0,0338;0,0506;-0,0075;-0,0007;-0,0377;-0,010970779;0,000215102;-0,0013;0,000157391;0,00019083;-0,0235;-0,0058;-0,0047;0,0514;0,0439;-0,008922107;0,010233923;0,046079169;-0,023502525
2012;4;-0,0064;-0,0065;-0,0058;-0,0071;-0,0052;-0,0093;-0,0089;-0,0094;-0,0064;-0,0093;-0,003;-0,0201;-0,0178;0,02;0,0437;0,014813052;9,81322E-05;0,0032;9,05921E-05;6,18435E-05;0,0267;0,0114;0,0104;0,0288;0,028;-0,029370772;-0,013734641;-0,036402849;-0,005132972
2012;5;-0,0602;-0,0624;-0,0723;-0,0686;-0,076;-0,0678;-0,0629;-0,0727;-0,0602;-0,0596;-0,064;-0,0669;-0,1114;-0,0113;0,0779;0,012374871;0,0002761;0,0006;0,000225396;0,000258323;0,0291;0,0095;-0,0099;-0,046;-0,0395;-0,130230023;-0,089912526;-0,033233858;-0,129779992
2012;6;0,0411;0,0391;0,0248;0,0339;0,0161;0,0451;0,0428;0,0472;0,0411;0,047;0,0295;0,0739;0,0603;0,0055;-0,0144;-0,004855978;9,49648E-05;-0,0013;0,000117775;1,8854E-05;-0,0008;0,0004;0,0208;0,0564;0,0588;0,076552465;0,049311125;0,046583415;0,012013683
2012;7;0,0137;0,0103;0;0,0069;-0,0075;-0,0082;-0,0043;-0,0128;0,0137;0,0119;0,0129;-0,0157;0,0044;0,0222;0,0332;0,007119889;0,000123129;0,0029;0,000155173;0,000288944;0,052;0,0139;0,0207;0,0193;0,023;0,010307996;0,012019752;0,051280332;0,063735719
2012;8;0,0224;0,0248;0,0304;0,0248;0,0366;0,0347;0,0295;0,0401;0,0224;0,014;0,0333;0,0208;0,0272;0,0153;-0,0106;-0,000615785;0,000233187;0,0011;0,000209557;0,000238014;-0,0043;0,0003;0,0086;-0,0014;0,0046;0,041086775;0,022900776;0,000701396;0,063651255
2012;9;0,0258;0,0258;0,0207;0,0202;0,0211;0,0273;0,0287;0,0261;0,0258;0,0305;0,0203;0,0522;0,0362;0,024;-0,021;0,000417521;0,000172111;0,0003;0,000119843;9,50952E-05;-0,0009;0,0011;0,0117;-0,0183;-0,0089;0,02803958;0,025246872;-0,010768447;-0,014222462
2012;10;-0,0186;-0,0176;-0,0117;-0,0009;-0,0229;-0,0146;-0,0058;-0,0234;-0,0186;-0,0052;-0,0309;-0,0277;0,0056;-0,0036;-0,0043;-0,007799561;0,0001215;-0,0016;6,79879E-05;0,000111737;0,0175;0,0011;0,0101;-0,0083;-0,0033;0,013453398;-0,007611109;0,058615137;-0,040657553
2012;11;0,0056;0,0074;0,0151;0,0114;0,0192;0,0116;0,0082;0,0153;0,0056;-0,0053;0,0197;-0,004;0,0182;-0,0008;0,0135;0,005713424;0,000312838;0,0012;0,000256212;0,000328602;-0,0045;0,0019;0,0066;-0,0037;-0,0064;0,024075414;0,010734356;0,01606328;0,014770207
2012;12;0,009;0,0119;0,0244;0,0245;0,0247;0,0307;0,0333;0,0278;0,009;0,019;0,0007;0,0276;0,0417;-0,0065;-0,0199;-0,006201178;0,000310134;0,0009;0,000206871;0,000292141;-0,0066;-0,002;0,0134;0,0369;0,032;0,027353748;0,017489261;0,011677346;-0,006483755
2013;1;0,0518;0,055;0,0672;0,0717;0,0648;0,0635;0,0649;0,0611;0,0518;0,0637;0,0437;0,0712;0,0334;-0,0112;-0,0327;-0,009966105;4,68964E-05;-0,0006;0,000122313;0,000200104;-0,0146;-0,0071;0,0067;0,0371;0,0428;0,057281983;0,050030631;-0,010181129;0,043574279
2013;2;0,0134;0,0128;0,0133;0,0165;0,0139;0,0133;0,0178;0,0094;0,0134;0,0152;0,0099;0,0067;-0,0123;-0,0103;0,0126;0,007306743;5,73152E-05;0,0012;5,10E-06;4,9031E-05;0,0111;0,0054;0,0029;0,0124;0,0129;-0,029678603;-0,000203491;0,017163019;-0,043852629
2013;3;0,0374;0,0388;0,0438;0,049;0,0399;0,0469;0,0453;0,0489;0,0374;0,039;0,0364;0,0571;0,0077;-0,0016;0,0003;0,001127423;0,000252693;0,0003;0,000220815;0,0002145;-0,0025;0,0008;0,0082;0,0289;0,0329;-0,005225828;0,020876329;0,001175848;0,007696731
2013;4;0,0191;0,017;0,017;0,0166;0,0063;0,0014;-0,0005;-0,005;0,0191;0,0219;0,0153;0,0007;0,0358;0,0092;0,0387;0,006561167;0,000132826;0,0012;0,000170245;0,000216642;0,0358;0,0091;0,0161;0,067;0,058;0,036435441;0,029016079;0,057137824;-0,047300854
2013;5;0,0233;0,0232;0,0182;0,0175;0,0187;0,0361;0,0305;0,0425;0,0233;0,0245;0,0168;0,0575;-0,0295;-0,0367;-0,0623;-0,022256957;0,000182286;-0,0034;0,000142625;0,000158399;-0,0474;-0,0171;-0,0081;-0,0596;-0,0656;-0,004541537;-0,002849325;0,004943895;-0,014890693
2013;6;-0,0135;-0,0127;-0,0118;-0,0121;-0,0109;-0,0099;-0,0113;-0,0079;-0,0135;-0,0081;-0,0199;0,0239;-0,0375;-0,0185;-0,0326;-0,020271903;0,000109872;-0,0026;4,75349E-05;5,81871E-05;-0,0491;-0,0165;-0,0296;-0,0196;-0,0228;-0,050213726;-0,026077953;-0,065059975;0,00234026
2013;7;0,0507;0,0549;0,0563;0,0551;0,0576;0,0666;0,0668;0,0667;0,0507;0,0519;0,0531;0,0784;0,0456;0,014;-0,0193;-0,002051601;9,84055E-05;0,0012;0,000154481;0,000203424;0,0072;0,002;0,0185;0,0083;0,0053;0,073067863;0,051874789;0,05391983;0,04913235
2013;8;-0,0291;-0,0282;-0,0252;-0,0294;-0,0203;-0,0317;-0,042;-0,0194;-0,0291;-0,036;-0,0172;-0,039;-0,0163;-0,0085;-0,0128;-0,012614612;0,000120262;-0,0016;0,000140454;0,000101035;-0,0151;-0,0064;-0,0102;-0,0686;-0,0623;-0,015320875;-0,023326943;-0,057219791;0,033760657
2013;9;0,0312;0,0366;0,0453;0,0397;0,0509;0,0569;0,0531;0,0614;0,0312;0,0213;0,0476;0,0594;0,0721;0,0172;0,0088;0,014521485;0,000108274;0,004;0,000113705;0,000263278;0,0051;0,0096;0,0098;0,0328;0,0355;0,070948113;0,048164711;0,048316078;-0,033916824
2013;10;0,0459;0,0422;0,0337;0,0452;0,0215;0,0327;0,0389;0,0252;0,0459;0,0456;0,0425;0,0336;0,0341;0,0078;0,0132;0,004561779;0,000111386;0,0013;-9,50263E-05;3,62895E-05;0,0217;0,0078;0,0251;0,0446;0,0406;0,042140559;0,038342342;0,05165172;-0,014428472
2013;11;0,0303;0,0288;0,0201;0,0289;0,0108;0,0271;0,0299;0,0234;0,0303;0,032;0,0238;0,0588;0,0012;-0,0074;-0,0249;-0,004649789;0,000146243;0,0013;-3,39E-06;-3,75999E-05;-0,0072;-0,0035;0,003;-0,0523;-0,0441;0,009957526;0,015948991;-0,010632556;-0,007795415
2013;12;0,0251;0,0263;0,0298;0,0278;0,0315;0,0257;0,0268;0,0244;0,0251;0,0205;0,0334;0,0169;0,0125;-0,0044;-0,0237;-0,018938252;0,000138416;-0,0033;0,000180313;0,000186257;-0,0019;-0,0065;0,0032;0,0026;0,0084;0,021590342;0,02004699;-0,00250941;0,019273365
2014;1;-0,0347;-0,0311;-0,0233;-0,0252;-0,0209;-0,0207;-0,0283;-0,0116;-0,0347;-0,0359;-0,0299;-0,0094;-0,0478;0,0119;0,0626;0,017665231;0,000171175;0,0032;0,000139559;0,000185786;0,0425;0,0154;0,0066;0,0419;0,0338;-0,039264461;-0,0376944;5,46896E-05;-0,016364338
2014;2;0,0456;0,0473;0,06;0,0543;0,066;0,0506;0,0503;0,0512;0,0456;0,0394;0,0553;0,0422;0,0539;0,0182;0,006;0,000384124;4,88987E-05;0,0003;2,50237E-05;2,09789E-05;0,0156;0,0048;0,0192;0,0496;0,0469;0,070923748;0,048136452;0,066334901;0,045082197
2014;3;0,0082;0,0051;-0,0031;0,0104;-0,0167;-0,0031;0,0132;-0,0223;0,0082;0,0258;-0,0158;-0,0097;0,0041;0,0004;0,0063;-0,009915818;0,000146169;-0,0021;0,000103061;0,000187495;0,0043;-0,0015;0,0014;0,0049;0,0032;-0,013288434;-0,000910827;-0,029591261;0,001397295
2014;4;0,0072;0,0006;-0,0084;0,004;-0,0212;-0,0233;-0,0116;-0,0375;0,0072;0,0089;0,0008;-0,0391;0,0131;0,0132;0,0182;0,004450438;0,00010714;0,0023;0,000122982;0,000174788;0,0196;0,0077;0,0061;0,0337;0,0288;0,020109264;0,008284972;0,027164148;0,007416428
2014;5;0,0233;0,0217;0,0231;0,0174;0,0286;0,0117;0,0159;0,0068;0,0233;0,0143;0,0353;0,0018;0,0188;0,0039;0,0273;0,010357291;3,7963E-05;0,0013;3,5194E-05;7,38351E-05;0,0233;0,0105;0,0095;0,0235;0,0276;0,001870619;0,016259594;0,035501132;-0,001754052
2014;6;0,0205;0,0254;0,0299;0,027;0,033;0,0496;0,0429;0,0579;0,0205;0,0188;0,0242;0,0436;0,0174;0,0115;-0,0016;-0,003487591;0,000107125;0,0004;4,24009E-05;3,97544E-05;0,0027;0,0011;0,0061;0,0114;0,0118;-0,002945326;0,016459459;0,005564941;0,021170422
2014;7;-0,0139;-0,0198;-0,0253;-0,0255;-0,0251;-0,0494;-0,0471;-0,052;-0,0139;-0,0127;-0,0165;-0,0578;-0,0161;-0,005;0,0059;-0,006270695;0,000114393;-0,0014;8,73422E-05;2,35896E-05;0,0028;-0,0026;-0,0117;0,0004;-0,0019;-0,038322117;-0,016669582;-0,007016504;-0,05297171
2014;8;0,0398;0,0418;0,0472;0,0387;0,0561;0,0497;0,0515;0,0477;0,0398;0,0346;0,0471;0,0456;0,0105;0,0066;0,0423;0,009220099;0,000121138;0,0014;0,000125914;0,000132798;0,0314;0,0113;0,0162;0,0293;0,0338;0,001619293;0,020027964;0,024283439;-0,016395809
2014;9;-0,0141;-0,0214;-0,0321;-0,0347;-0,0295;-0,0531;-0,0565;-0,0492;-0,0141;-0,0133;-0,0191;-0,0483;-0,0501;-0,0289;-0,0199;-0,008671535;9,92902E-05;-0,0014;7,12154E-05;0,000127539;-0,0253;-0,0072;-0,0184;-0,0596;-0,0563;-0,038338122;-0,028752985;-0,032889623;-0,060237919
2014;10;0,0242;0,0274;0,0344;0,035;0,0336;0,0448;0,0494;0,0393;0,0242;0,019;0,0304;0,0458;-0,0031;0;0,0261;0,009411361;0,000110716;0,0033;1,61071E-05;-4,76025E-05;0,0209;0,0094;0,0197;0,0993;0,0872;-0,027025552;0,00570181;0,029035013;-0,059837566
2014;11;0,0268;0,0241;0,0281;0,026;0,0302;0,0098;0,0104;0,0088;0,0268;0,0239;0,0297;-0,0058;-0,0025;-0,0048;0,0286;0,008604622;8,57562E-05;0,0023;3,56046E-05;2,3584E-05;0,0158;0,0065;-0,0054;0,0198;0,023;0,02491806;0,018386012;0,039736392;-0,109203691
2014;12;-0,0026;-0,0001;0,0026;0,007;-0,002;0,0125;0,017;0,0073;-0,0026;0,0033;-0,0099;0,0449;-0,0365;-0,0026;0,0282;-0,005829364;7,48354E-05;-0,0024;0,000121221;-9,82644E-05;0,0159;0,0009;-0,0037;0,0193;0,0109;-0,043389188;-0,017145761;-0,006854782;-0,136303694
2015;1;-0,0302;-0,0277;-0,0199;-0,0239;-0,0158;-0,0217;-0,0331;-0,0082;-0,0302;-0,0404;-0,0149;-0,0428;0,0013;0,01;0,0897;0,02776887;0,000177201;0,0061;0,000194947;0,000580036;0,0585;0,0231;0,0064;0,0672;0,0559;-0,000731899;-0,018796003;0,113222711;-0,074964783
2015;2;0,0574;0,0576;0,0599;0,0539;0,0667;0,0582;0,0571;0,0592;0,0574;0,0525;0,0629;0,0539;0,0552;-0,0126;-0,0566;-0,018421597;7,11796E-05;-0,0042;4,36426E-05;6,67876E-05;-0,0296;-0,0108;0,0193;-0,0359;-0,0258;0,061278096;0,05682438;0,020935961;0,064652434
2015;3;-0,0159;-0,0104;0,0033;-0,0031;0,0099;0,0118;0,0122;0,0117;-0,0159;-0,0158;-0,0125;0,01;-0,0154;-0,0088;0,0113;0,006768389;5,45498E-05;0,0033;5,63516E-05;-0,000177215;0,0034;0,0041;-0,0055;0,0172;0,0115;-0,030162873;-0,018076985;0,007445614;-0,068054383
2015;4;0,0095;0,0042;-0,004;-0,0008;-0,008;-0,0169;-0,0126;-0,0221;0,0095;0,0157;-0,0007;-0,0148;0,0508;0,0071;-0,0307;-0,004257884;0,000124678;0,0005;0,000274116;0,000536106;-0,0232;-0,0036;0,0095;-0,0592;-0,0471;0,038512696;0,021591049;-0,017382329;0,110577897
2015;5;0,0127;0,0139;0,0103;0,0119;0,009;0,02;0,0135;0,0277;0,0127;0,0109;0,0145;0,0056;-0,0094;-0,0255;-0,0216;-0,002974774;4,93458E-05;0,0006;8,13229E-05;0,000220785;-0,0228;-0,0045;0,003;-0,0027;-0,0011;-0,014030972;0,000510009;-0,009748309;-0,01987
2015;6;-0,0193;-0,0171;-0,0181;-0,0236;-0,0125;-0,0087;-0,0145;-0,0024;-0,0193;-0,0217;-0,016;0,0087;-0,0269;-0,0051;-0,0373;-0,010122494;3,42806E-05;-0,0004;9,6563E-05;0,000269595;-0,0323;-0,0101;-0,0139;-0,046;-0,0432;-0,032309892;-0,024556752;-0,054270802;-0,00112269
2015;7;0,0208;0,0163;0,0124;0,0095;0,0151;-0,0029;-0,0101;0,0053;0,0208;0,0095;0,0317;-0,047;-0,008;0,0068;0,0421;0,008044364;2,2853E-05;0,0015;-5,42056E-05;-0,000154823;0,0259;0,0076;0,0029;0,056;0,0485;0,030613608;0,017279774;0,062320531;-0,141020924
2015;8;-0,0605;-0,0603;-0,0512;-0,0445;-0,0581;-0,0585;-0,0481;-0,0701;-0,0604;-0,0582;-0,0626;-0,0344;-0,0729;0,0008;-0,0071;-0,001325328;0,000446661;-0,0013;0,000143568;-0,000291374;-0,013;-0,0036;-0,0089;-0,0625;-0,0568;-0,073797061;-0,06806396;-0,033619124;0,002995489
2015;9;-0,0248;-0,0293;-0,037;-0,0337;-0,0402;-0,045;-0,0358;-0,0554;-0,0249;-0,0249;-0,0286;-0,0564;-0,039;0,0039;0,0191;0,011300135;0,00018741;0,0043;0,000615263;0,001459912;0,0136;0,0076;-0,0212;0,0302;0,0187;-0,04741678;-0,038596598;0,008740877;-0,063266064
2015;10;0,0842;0,0784;0,06;0,0632;0,0557;0,0568;0,0659;0,0462;0,0842;0,0757;0,0893;0,0484;0,0626;-0,0008;-0,0048;-0,007707721;-0,000122495;-0,0013;-0,000226826;-0,000699266;0,0096;0,0001;0,0277;0,0578;0,0614;0,070578604;0,078310435;0,067068151;0,002294496
2015;11;0,0029;0,0054;0,0027;0,0055;-0,0002;0,0181;0,0133;0,0239;0,0029;0,004;0,0014;0,0306;-0,0132;-0,0155;-0,0081;-0,005909892;5,86592E-05;-0,0031;-3,51322E-05;-0,000475223;-0,0013;-0,0027;-0,0144;-0,0064;-0,0026;-0,019899674;-0,006686587;-0,031913598;-0,089659472
2015;12;-0,0159;-0,0203;-0,0266;-0,0276;-0,0257;-0,0421;-0,049;-0,0341;-0,0159;-0,0101;-0,024;-0,0399;-0,0207;0,004;-0,0034;-0,004468044;0,00055178;-0,0016;0,000400859;8,98555E-05;-0,0073;-0,0038;-0,0176;0,0179;0,0119;-0,026225734;-0,018651473;-0,028268255;-0,086295752
2016;1;-0,0498;-0,0567;-0,0747;-0,0697;-0,0798;-0,0766;-0,0646;-0,0907;-0,0498;-0,0475;-0,0593;-0,0876;-0,0559;0,0056;0,0523;0,02417395;5,49919E-05;0,0082;0,000339769;0,000946015;0,0139;0,0143;-0,0099;-0,0336;-0,0348;-0,066517716;-0,060510202;-0,039319781;-0,051707465
2016;2;-0,0015;-0,0004;0,0122;0,013;0,0111;0,0092;0,0158;0,001;-0,0015;0,001;-0,0045;-0,0034;-0,0227;0,0156;0,0286;0,006538859;0,000466887;0,0015;0,000343037;0,000301968;0,0145;0,0066;0,0046;-0,0043;-0,0029;-0,020841952;-0,009604539;-0,042007368;-0,02010758
2016;3;0,0678;0,0701;0,0798;0,0782;0,0813;0,0835;0,0891;0,0773;0,0678;0,0655;0,0711;0,058;0,0819;0,0293;0,0005;-3,5311E-05;0,000738374;0,0026;0,000794931;0,000844645;0,038;0,0094;0,0286;0,1041;0,0999;0,059243106;0,065244116;0,058200066;0,049304681
2016;4;0,0037;0,0063;0,0051;0,0099;0,0003;0,0172;0,0205;0,0128;0,0037;0,0153;-0,0077;0,0572;0,0222;0,0173;-0,0063;-0,003069445;0,00039793;-0,0003;0,000497282;0,000160169;0,0188;0,0038;0,026;-0,0241;-0,0166;0,018569507;0,013759937;0,001772735;0,101401129
2016;5;0,0178;0,0179;0,0186;0,0144;0,0231;0,0193;0,0144;0,0254;0,0178;0,0113;0,0245;-0,0137;-0,0102;-0,0138;0,0069;-0,003829023;0,000171953;-0,0009;4,22E-07;-0,000218891;0,0007;0,0002;-0,0005;0,0236;0,0234;-0,013563173;0,00228454;0,013891347;0,022181468
2016;6;0,0025;0,0023;-0,0009;0,0027;-0,0048;0,0025;0,0008;0,0047;0,0025;0,0106;-0,0067;-0,0131;-0,0094;0,0316;0,0657;0,021505718;0,000492987;0,0075;0,000907078;0,001321034;0,0403;0,0194;0,008;0,0688;0,0668;-0,04676276;-0,012769517;-0,070119557;0,000801594
2016;7;0,0368;0,0395;0,0462;0,0422;0,0509;0,0507;0,0468;0,0557;0,0368;0,0286;0,0478;0,047;0,0441;0,0158;0,0201;-0,000454158;0,000486533;-0,0009;0,00023458;0,000208218;0,028;0,0064;0,0204;0,0418;0,0387;0,041084044;0,041469754;0,058420534;-0,095679428
2016;8;0,0013;0,0026;0,0014;0,0096;-0,0076;0,0062;0,0072;0,0049;0,0013;0,0062;-0,0035;0,0239;0,0074;-0,0033;-0,01;-0,008928211;0,000331613;-0,0029;0,000212591;9,64816E-05;0,0006;-0,0017;0,0166;-0,0368;-0,0328;8,29964E-05;-0,001314912;0,003812733;0,017690719
2016;9;0,0001;0,0015;0,0037;0,0039;0,003;0,0039;0,0031;0,0053;0,0001;-0,0047;0,0066;0,0489;0,0137;0,0101;-0,0132;0,001390551;0,000713687;0,0023;0,000654507;0,000395015;-0,0102;-0,0008;0,0061;-0,0183;-0,0141;0,008075833;0,003571337;-0,018417101;0,041446282
2016;10;-0,0183;-0,0221;-0,0308;-0,025;-0,0378;-0,0412;-0,0301;-0,0542;-0,0183;-0,0115;-0,0266;-0,0571;-0,0172;-0,0234;-0,0423;-0,010184391;0;-0,0012;0,000331254;0,000414407;-0,0247;-0,008;0,0028;-0,0572;-0,0489;-0,033597245;-0,020133108;-0,062767154;-0,014971946
2016;11;0,037;0,0444;0,0467;0,0598;0,0318;0,0861;0,1026;0,0653;0,037;0,0596;0,0119;0,1064;-0,0215;-0,0399;-0,0786;-0,03141188;0,000481654;-0,0058;2,52782E-05;8,64075E-05;-0,0517;-0,0265;-0,0091;-0,0173;-0,0204;-0,023419367;0,012518023;-0,031397024;0,025349695
2016;12;0,0196;0,0192;0,0065;0,0102;0,002;0,0186;0,0282;0,0062;0,0196;0,0264;0,0107;0,046;0,0202;-0,0006;-0,0035;-0,002493128;0,000602294;0;0,000471005;0,000632153;0,0112;0,0025;0,0139;0,0466;0,042;0,051814375;0,02285512;0,069042427;0,04715308
2017;1;0,0188;0,0191;0,0298;0,022;0,0388;0,0157;0,0066;0,0273;0,0188;0,0061;0,0365;-0,0007;0,0387;0,0145;0,0065;0,00218911;0,000599866;0,0026;0,000684698;0,000842627;0,0035;0,0029;0,0099;-0,0004;0,0024;0,020361966;0,023517333;-0,049005517;-0,014128923
2017;2;0,0396;0,0371;0,0308;0,0338;0,0276;0,0234;0,0206;0,0276;0,0396;0,0362;0,0434;0,0055;0,015;0,0078;0,0157;0,00312799;0,000397264;0,0008;0,000397241;0,000337721;0,0182;0,0066;0,0143;0,0343;0,0416;0,009270967;0,025829013;0,036563963;0,002323808
2017;3;0,001;0,0007;0,0001;-0,0028;0,0035;-0,0024;-0,0078;0,0042;0,001;-0,0099;0,013;0,0117;0,0282;0,0038;-0,0059;-0,000995356;0,000245999;0,0002;0,000115676;-0,000258731;-0,0082;-0,0007;-0,0022;-0,0236;-0,0139;0,036411859;0,008153047;0,006255291;-0,039146061
2017;4;0,0102;0,0105;0,0116;0,004;0,0207;0,0085;0,0044;0,0136;0,0102;-0,0003;0,023;-0,0014;0,022;0,0101;0,0159;0,007552918;0,000608918;0,0019;0,000622052;0,000481615;0,0144;0,0076;0,0129;0,0015;0,0051;0,031179384;0,013263275;0,032671185;-0,0210619
2017;5;0,0139;0,0101;0,0091;0,0012;0,0183;-0,0115;-0,0237;0,0032;0,0139;0,0011;0,0281;-0,0211;0,0301;0,0155;0,0173;0,004697444;0,00054929;0,0009;0,000514482;0,00044802;0,0212;0,0067;0,0096;-0,0065;-0,0015;0,040819289;0,017816338;0,010364805;-0,015362869
2017;6;0,0061;0,0092;0,0064;0,009;0,0037;0,0224;0,024;0,0203;0,0061;0,0171;-0,0048;0,0382;0,0052;0,0017;0,0063;-0,006271559;0,000896097;-0,0008;0,000818379;0,000730197;0,013;0,0002;0,0027;0,021;0,0203;-0,013014256;0,00245117;-0,022532814;-0,019217313
2017;7;0,0204;0,0187;0,0172;0,0163;0,0177;0,0109;0,0095;0,0127;0,0204;0,0154;0,0252;-0,0121;0,0342;0,0206;-0,0059;0,002962806;0,000860306;0,0028;0,000845834;0,000849544;0,0073;0,0039;0,0113;0,0123;0,0119;0,029407397;0,023311101;-0,002153987;0,04584773
2017;8;0,0029;0,0015;-0,0058;-0,0121;0,0017;-0,0094;-0,0144;-0,0036;0,0029;-0,0044;0,0119;-0,0108;0,0064;0,0121;0,0327;0,00850734;0,00098809;0,0019;0,001163454;0,001271289;0,0158;0,0085;0,0012;-0,0025;0,0062;-0,002273773;-0,000691959;0,005327699;-0,007768495
2017;9;0,0206;0,0245;0,0225;0,0268;0,0174;0,044;0,0491;0,0379;0,0206;0,03;0,0104;0,0912;0,0181;-0,0068;-0,0227;-0,01209556;0,000850501;-0,002;0,000832407;0,0005774;-0,0043;-0,0054;0,0077;-0,0013;-0,0057;0,032277099;0,020824159;-0,007857828;0,033215865
2017;10;0,0232;0,0216;0,0144;0,0079;0,0217;0,0155;0,0085;0,0238;0,0232;0,018;0,0285;-0,0094;0,0194;-0,0035;-0,0002;-0,003507803;0,000868765;-0,0008;0,000811623;0,000585267;0,0072;0,0011;0,0009;-0,0101;-0,0015;0,003845465;0,01812049;0,004006078;0,038180821
2017;11;0,0306;0,0304;0,0314;0,0344;0,0282;0,0308;0,0314;0,03;0,0306;0,035;0,025;0,0298;0,0078;0,0102;0,0063;-0,005456439;0,000905951;-0,0027;0,000781688;0,000486143;0,0042;-0,0017;-0,0027;0,0264;0,0263;0,000554753;0,019911587;0,005824619;0,013820746
2017;12;0,011;0,0099;0,0094;0,0181;-0,0004;0,0037;0,005;0,0027;0,011;0,0149;0,0073;0,0021;0,0201;0,0028;0,0178;-0,001384234;0,001025508;-0,0007;0,000977496;0,000810564;0,0217;0,0044;0,0027;-0,0023;-0,0011;0,014400902;0,012558247;0,048151019;0,044124079
2018;1;0,0571;0,0531;0,0433;0,0376;0,05;0,0284;0,0198;0,0389;0,0571;0,0476;0,0685;0,0238;0,0559;0,0196;-0,034;-0,017541492;0,001234773;-0,0044;0,001144796;0,001210122;-0,0202;-0,0109;0,0021;-0,0421;-0,0324;0,053618272;0,052195253;-0,011919781;0,034192016
2018;2;-0,0369;-0,0372;-0,0406;-0,0472;-0,0334;-0,0407;-0,0478;-0,0321;-0,037;-0,0436;-0,0291;-0,0438;-0,0514;-0,0146;-0,0289;-0,00648431;0,000966463;-0,0008;0,00074189;0,000554632;-0,0335;-0,0103;-0,0111;-0,0765;-0,0702;-0,06086917;-0,043034233;-0,058600801;-0,033396278
2018;3;-0,0256;-0,0199;-0,0011;-0,0029;0,0009;0,0112;0,0082;0,015;-0,0256;-0,0253;-0,0251;0,0308;-0,0064;0,0062;0,0275;0,005782403;0,001426084;0,0029;0,001468929;0,001469885;0,0089;0,0063;-0,0057;0,0383;0,0374;-0,015306955;-0,024149277;0,016415677;0,022215936
2018;4;0,0037;0,0038;-0,0017;0,0039;-0,0079;0,0033;0,0035;0,0024;0,0037;0,0045;0,0027;0,0208;0,0083;-0,0157;-0,0204;-0,01131726;0,001347064;-0,003;0,001396036;0,001287375;-0,0195;-0,0083;0,0046;0,0084;0,0055;0,021851518;0,009516437;0,041917821;0,050370837
2018;5;0,0239;0,0279;0,0176;0,0005;0,037;0,0507;0,045;0,058;0,0239;0,0062;0,0436;0,0585;-0,0192;-0,0128;0,0179;0,006792861;0,001519391;0,0036;0,001637173;0,001201234;0,0046;0,0061;-0,004;0,036;0,0353;-0,040012433;0,00307163;-0,015456633;0,014472696
2018;6;0,0061;0,0068;0,0093;0,0091;0,0094;0,0072;0,0034;0,0119;0,0061;0,0015;0,0118;0,0167;-0,0208;-0,0042;0,0066;-0,001400239;0,001646729;0,001;0,001706265;0,001665404;-0,0067;0,0003;0,0028;0,0413;0,0406;-0,008506773;-0,001730594;-0,001255943;0,013552123
2018;7;0,0371;0,0334;0,0256;0,0324;0,0187;0,0182;0,0252;0,0099;0,0371;0,0469;0,0249;-0,0095;0,0248;0,0077;-0,0128;-0,005244953;0,001578038;-0,001;0,001642894;0,001596779;0,0129;0,0003;0,0118;0,0074;0,0077;0,032788445;0,030534136;0,001751549;-0,035305988
2018;8;0,0325;0,0344;0,0252;0,0051;0,0457;0,0448;0,024;0,0701;0,0325;0,0193;0,0469;0,0345;-0,0219;-0,0082;0,0118;0,006289791;0,001827924;0,0037;0,001845276;0,001986601;0,0025;0,0052;0,0099;0,0246;0,0268;-0,030614102;0,010404552;-0,022819996;0,010773229
2018;9;0,0055;0,0016;-0,0048;-0,0066;-0,0034;-0,0154;-0,0174;-0,0134;0,0055;0,0056;0,0043;-0,0222;0,003;0,0044;-0,0274;-0,010197233;0,001474037;-0,002;0,001467559;0,001150907;-0,0088;-0,0054;0,0045;-0,0263;-0,0236;0,002740811;0,003912208;-0,032895944;0,039287259
2018;10;-0,0685;-0,074;-0,0841;-0,0708;-0,0966;-0,101;-0,0901;-0,1136;-0,0685;-0,0498;-0,0903;-0,1136;-0,0835;-0,0173;-0,0282;-0,002173954;0,001799173;0,001;0,001851541;0,001751829;-0,0315;-0,0073;-0,0158;-0,0298;-0,0262;-0,077249621;-0,074187881;-0,033018644;-0,058433408
2018;11;0,0203;0,0206;0,0239;0,023;0,0251;0,0216;0,0237;0,0191;0,0203;0,0336;0,0065;-0,0285;0,0126;-0,002;0,0178;0,008199875;0,002047535;0,0038;0,002035276;0,002163438;0,0004;0,0053;-0,0072;0,0473;0,0449;-0,01110487;0,009583171;-0,042535446;-0,112809376
2018;12;-0,0904;-0,0929;-0,0987;-0,1066;-0,0914;-0,1111;-0,1144;-0,107;-0,0904;-0,0934;-0,0862;-0,1336;-0,0485;-0,0013;0,055;0,019197628;0,0018602;0,0088;0,002115294;0,00237032;0,0317;0,018;-0,0214;-0,0797;-0,0773;-0,047008407;-0,077133909;-0,053033408;-0,077518815
2019;1;0,08;0,0859;0,1055;0,0987;0,1119;0,1183;0,1119;0,1256;0,08;0,0702;0,0931;0,1068;0,0758;0,0226;0,0049;0,00409696;0,001883364;0,003;0,002157117;0,002552928;0,0267;0,0101;0,0493;0,1174;0,1142;0,06467501;0,076750848;0,102104864;0,089888263
2019;2;0,032;0,035;0,0422;0,0357;0,0484;0,0481;0,0395;0,0583;0,032;0,0289;0,0364;0,0619;0,0172;0,001;-0,0131;-0,00509381;0,001778063;-0,0001;0,001836511;0,001765962;-0,0019;-0,0006;0,0167;0,0072;0,005;0,031165839;0,028273713;-0,008395522;0,038133527
2019;3;0,0194;0,0144;0,013;-0,0001;0,0256;-0,0091;-0,0195;0,0028;0,0194;0,0056;0,0315;-0,0292;0,0072;0,0002;0,0547;0,017143534;0,002128187;0,0078;0,002212176;0,002707863;0,0447;0,0196;0,0083;0,0418;0,0422;0,00207065;0,010497904;0,014507105;0,016091924
2019;4;0,0404;0,0398;0,0374;0,0372;0,0376;0,0359;0,0392;0,0324;0,0404;0,0338;0,0471;0,0172;0,0276;0,0037;-0,0188;-0,003323804;0,001953894;0,0015;0,001994787;0,001852586;-0,0016;0,0004;0,015;-0,001;-0,0006;0,030292301;0,033653075;0,011664226;0,028491655
2019;5;-0,0636;-0,0645;-0,0606;-0,0717;-0,0503;-0,0725;-0,0808;-0,0634;-0,0636;-0,0633;-0,0634;-0,0903;-0,0555;0,0029;0,0665;0,019921892;0,00231887;0,0088;0,002397512;0,002575661;0,0341;0,0183;-0,0108;0,001;0,002;-0,062623422;-0,060783761;-0,041825462;-0,082134513
2019;6;0,0703;0,0697;0,0707;0,0785;0,0634;0,0704;0,0676;0,0735;0,0703;0,0715;0,0678;0,0519;0,0583;0,0185;0,0101;0,008517306;0,002181745;0,0048;0,002536476;0,003282807;0,0311;0,0115;0,0272;0,0169;0,0163;0,065445717;0,064557732;0,00135938;0,044304314
2019;7;0,0143;0,0144;0,0131;0,0089;0,0172;0,0125;0,0077;0,0179;0,0143;0,0074;0,0226;-0,0256;-0,0189;-0,0083;0,0022;-0,002814564;0,001941336;-0,0009;0,001807993;0,001447861;0,0107;0,0023;0,0045;0,0158;0,0158;-0,019876752;0,00423119;-0,020413294;-0,002117832
2019;8;-0,0159;-0,0203;-0,0272;-0,0332;-0,0213;-0,0403;-0,0542;-0,024;-0,0159;-0,0291;-0,005;-0,0489;-0,0235;0,0027;0,1068;0,024480233;0,002008383;0,0092;0,002264791;0,002930655;0,07;0,0278;0,0095;0,0376;0,034;-0,028230496;-0,022419001;0,01970949;-0,056228221
2019;9;0,0186;0,017;0,0206;0,0441;-0,0021;0,0137;0,0391;-0,0155;0,0186;0,0334;0,0022;0,0438;0,0272;-0,0035;-0,0262;-0,009651372;0,001719715;-0,0022;0,001690728;0,00129133;-0,0198;-0,006;0,0043;0,0189;0,0211;0,026323819;0,019404532;0,061106357;0,017491436
2019;10;0,0215;0,021;0,0107;0,0036;0,0182;0,016;0,0168;0,0148;0,0215;0,0186;0,0249;-0,0128;0,0338;0,0111;-0,011;0,000842934;0,002072448;0,0025;0,00232942;0,003018611;0,0012;0,0021;0,0061;0,0106;0,0114;0,030747737;0,024544751;0,045159148;0,012446669
2019;11;0,0362;0,0377;0,0322;0,0305;0,0337;0,0414;0,0252;0,0616;0,0362;0,0343;0,0398;0,0231;0,0111;-0,0062;-0,0039;-0,006706418;0,001208602;-0,0005;0,001205917;0,001108121;0,0037;-0,0006;0,0059;-0,0128;-0,0135;0,013399372;0,02629609;0,011482776;-0,000125058
2019;12;0,0301;0,0285;0,024;0,0273;0,0208;0,0218;0,0277;0,0148;0,0301;0,0272;0,031;0,0628;0,0427;0,0207;-0,03;-0,004912988;0,001454473;0,0014;0,00146202;0,00144862;-0,0081;-0,0015;0,0128;0,0081;0,0077;0,0384548;0,028883734;0,01987795;0,069879422
2020;1;-0,0005;-0,0008;-0,0025;-0,0172;0,0123;-0,0204;-0,0341;-0,0038;-0,0005;-0,0252;0,0308;-0,0559;-0,033;0,0035;0,0729;0,022082208;0,001351706;0,006;0,001410289;0,00160148;0,0514;0,0211;0,0008;0,0117;0,014;-0,025626568;-0,006806961;-0,021954331;-0,108249246
2020;2;-0,0824;-0,0818;-0,0876;-0,1055;-0,0701;-0,0867;-0,1021;-0,0686;-0,0824;-0,0985;-0,0649;-0,0839;-0,0672;-0,0089;0,0658;0,021010039;0,001618093;0,0104;0,002085695;0,003303582;0,0271;0,0171;-0,008;-0,0708;-0,0708;-0,095009785;-0,085932717;-0,086774629;-0,0838924
2020;3;-0,1237;-0,1378;-0,1841;-0,2193;-0,151;-0,2186;-0,2493;-0,1836;-0,1237;-0,1466;-0,1053;-0,2627;-0,1611;-0,0744;0,0567;0,027168585;0,003074305;0,0101;0,004065455;0,005720915;-0,0551;-0,0059;-0,0997;-0,193;-0,2085;-0,147305013;-0,134694207;-0,26190828;-0,294253691
2020;4;0,1281;0,1325;0,1441;0,1273;0,1586;0,1465;0,1295;0,1646;0,1281;0,1069;0,151;0,1849;0,0809;0,0308;0,0181;0,001096198;0,00012445;0,0022;0,000150448;0,000164331;0,0528;0,0169;0,0387;0,0887;0,0906;0,056608091;0,108012675;0,042712226;-0,096715413
2020;5;0,0476;0,0538;0,071;0,0416;0,0965;0,0773;0,0473;0,1076;0,0476;0,028;0,0697;0,0604;0,048;0,0228;-0,0167;0,002095954;5,02617E-05;0,0038;-2,38E-06;-3,547E-05;0,0054;0,0054;0,0375;0,0174;0,0171;0,041673751;0,046295263;-0,025025602;0,163731084
2020;6;0,0198;0,0228;0,0195;0,0101;0,0276;0,0254;0,0207;0,0302;0,0198;-0,0097;0,0477;0,0698;0,0424;0,0188;0,004;9,44315E-05;0,000172248;0,0009;0,00017424;0,000229952;0,0234;0,007;0,0023;0,0244;0,0274;0,038779331;0,025097282;0,005842579;0,05090704
2020;7;0,0563;0,0564;0,0646;0,0534;0,0739;0,0449;0,0332;0,0573;0,0563;0,036;0,0761;0,0472;0,041;0,0357;0,0417;0,004099466;0,000240032;0,0018;0,000286513;0,000441863;0,0602;0,0155;0,0451;0,0356;0,0377;0,036851779;0,046868273;-0,008354001;0,037966065
2020;8;0,0718;0,0718;0,0315;0,0302;0,0321;0,0405;0,0461;0,0345;0,0718;0,0424;0,1012;0,0336;0,0431;0,0193;-0,0471;-0,004959241;8,53567E-05;0,0019;7,25995E-05;9,16745E-05;-0,0438;-0,0102;0,0057;0,0044;0,0033;0,038964583;0,065306367;0,002830064;0,045850978
2020;9;-0,0381;-0,0357;-0,0173;-0,0182;-0,0146;-0,0273;-0,0377;-0,0153;-0,0381;-0,0223;-0,0468;-0,013;-0,0196;-0,0057;0,0078;0,000327737;0,000112661;0,0006;0,000115437;0,00014137;-0,0016;0,0008;-0,0082;-0,0264;-0,0255;-0,033912492;-0,035936294;-0,054078887;-0,036393405
2020;10;-0,0267;-0,0216;-0,001;0,0063;-0,0075;0,02;0,0302;0,0086;-0,0267;-0,0206;-0,0327;-0,0038;-0,0221;0,0049;-0,0319;-0,00883056;0,000106797;-0,0006;0,000102334;0,000105503;-0,0143;-0,0061;0,0037;-0,0309;-0,0317;-0,057263622;-0,031405374;-0,038645667;-0,03574684
2020;11;0,1094;0,1219;0,1344;0,134;0,1347;0,1601;0,1769;0,1411;0,1094;0,1283;0,1053;0,2491;0,1293;0,0272;0,0153;0,001159191;0,000115562;0,0011;0,000122947;0,000157627;0,048;0,0111;0,0296;0,0967;0,0973;0,168809749;0,126571083;0,179200346;0,120405482
2020;12;0,0384;0,0445;0,0411;0,0348;0,0465;0,0738;0,0666;0,0826;0,0384;0,0361;0,0421;0,1017;0,0582;0,0246;-0,0095;-0,000642987;8,04453E-05;0,0008;9,51731E-05;6,59729E-05;-0,0015;0,0015;0,0121;0,0278;0,0276;0,04624777;0,041384081;0,031274864;0,059707317
2021;1;-0,0102;-0,0034;-0,0053;-0,0019;-0,0085;0,022;0,0208;0,0229;-0,0102;-0,0082;-0,0093;0,1561;-0,001;-0,0019;-0,0349;-0,005995338;0,000132115;0,0002;0,000138781;0,000177952;-0,029;-0,008;0,0003;0;-0,0016;-0,014899865;-0,010539976;-0,007537092;0,049441186
2021;2;0,0275;0,0319;0,0525;0,074;0,0327;0,0612;0,0877;0,0312;0,0276;0,0504;0,0077;0,1215;0,0232;-0,0069;-0,0562;-0,018625498;0,000103826;-0,0027;0,000126471;0,000176699;-0,0369;-0,0151;0,0002;0,0337;0,0306;0,022992069;0,024502844;0,004604437;0,105824077
2021;3;0,0437;0,0347;0,0236;0,0603;-0,0114;0,016;0,0517;-0,028;0,0437;0,0648;0,0164;0,0104;0,0169;-0,013;-0,0472;-0,014779366;8,13946E-05;0,0007;0,000106635;0,000157129;-0,0329;-0,0138;-0,0015;0,051;0,0543;0,027254555;0,031093435;0,024345238;-0,021540363
2021;4;0,0532;0,0514;0,0482;0,046;0,0502;0,0403;0,0416;0,0385;0,0532;0,0353;0,0693;-0,0157;0,0278;0,0132;0,0237;0,006488137;3,55768E-05;0,0016;4,20152E-05;9,27972E-05;0,0226;0,0095;0,0119;0,0797;0,0789;0,041015274;0,045191537;0,048114359;0,082305936
2021;5;0,0069;0,0043;0,0081;0,022;-0,0061;0,0006;0,0213;-0,0276;0,0069;0,0287;-0,0147;0,0479;0,0314;0,0085;0,0017;0,003739245;1,21834E-05;0,0013;1,86286E-05;5,65685E-05;0,0064;0,0024;0,0018;0,0076;0,0078;0,037219444;0,01256889;0,03099185;0,02521696
2021;6;0,0231;0,0253;0,0179;-0,0196;0,0559;0,0142;-0,0096;0,0475;0,0232;-0,012;0,0598;0,0299;-0,0046;-0,0162;0,039;0,000399591;-3,84991E-05;-0,0034;-5,03359E-05;-9,03416E-05;0,0369;0,0077;0,0101;0,0262;0,0274;-0,014889383;0,013953351;-0,012475801;0,042929315
2021;7;0,0238;0,0171;0,0128;0,0045;0,0201;-0,0145;-0,0163;-0,0118;0,0238;0,0101;0,0327;-0,0653;-0,0128;0,0044;0,036;0,012923738;3,99626E-05;0,0012;4,16184E-05;5,53494E-05;0,0232;0,0121;0,0051;0,0444;0,0401;0,017715173;0,017243345;0,060934437;0,015742594
2021;8;0,0303;0,0286;0,03;0,0315;0,0289;0,0197;0,0205;0,0183;0,0303;0,021;0,0362;0,0267;0,0173;-0,0028;-0,0023;-0,00444614;2,04678E-05;0,0001;4,59765E-05;5,08698E-05;-0,0037;-0,002;0,0051;0,0215;0,0214;0,012625598;0,02349174;0,031514654;-0,023017491
2021;9;-0,0466;-0,0449;-0,0417;-0,0369;-0,046;-0,0312;-0,0257;-0,038;-0,0466;-0,0399;-0,053;-0,0085;-0,0342;-0,0093;-0,0288;-0,012879057;3,84982E-05;-0,0018;4,75597E-05;3,9066E-05;-0,0205;-0,0091;-0,0016;-0,0566;-0,0573;-0,048516575;-0,042894602;-0,083544808;0,06033314
2021;10;0,0699;0,0671;0,0661;0,0426;0,087;0,049;0,0451;0,0538;0,0699;0,0547;0,0828;-0,0091;0,0261;-0,0085;0,02;-0,010028535;-1,4619E-05;-0,0037;-5,15E-06;-4,88306E-05;-0,0003;-0,0033;0,0703;0,0703;0,0692;0,043827254;0,055917241;0,038549245;0,057970601
